
/*!40101 SET @OLD_CHARACTER_SET_CLIENT=@@CHARACTER_SET_CLIENT */;
/*!40101 SET @OLD_CHARACTER_SET_RESULTS=@@CHARACTER_SET_RESULTS */;
/*!40101 SET @OLD_COLLATION_CONNECTION=@@COLLATION_CONNECTION */;
/*!50503 SET NAMES utf8mb4 */;
/*!40103 SET @OLD_TIME_ZONE=@@TIME_ZONE */;
/*!40103 SET TIME_ZONE='+00:00' */;
/*!40014 SET @OLD_UNIQUE_CHECKS=@@UNIQUE_CHECKS, UNIQUE_CHECKS=0 */;
/*!40014 SET @OLD_FOREIGN_KEY_CHECKS=@@FOREIGN_KEY_CHECKS, FOREIGN_KEY_CHECKS=0 */;
/*!40101 SET @OLD_SQL_MODE=@@SQL_MODE, SQL_MODE='NO_AUTO_VALUE_ON_ZERO' */;
/*!40111 SET @OLD_SQL_NOTES=@@SQL_NOTES, SQL_NOTES=0 */;
DROP TABLE IF EXISTS `tb_academic_warning`;
/*!40101 SET @saved_cs_client     = @@character_set_client */;
/*!50503 SET character_set_client = utf8mb4 */;
CREATE TABLE `tb_academic_warning` (
  `id` bigint NOT NULL AUTO_INCREMENT COMMENT '预警记录ID',
  `student_id` bigint NOT NULL COMMENT '学生ID，对应 tb_user.id',
  `course_id` bigint NOT NULL COMMENT '课程ID，对应 tb_course.id',
  `enrollment_id` bigint DEFAULT NULL COMMENT '选课记录ID，对应 tb_enrollment.id',
  `warning_type` tinyint NOT NULL COMMENT '预警类型：1=期中预警，2=期末预警，3=考勤预警',
  `severity` tinyint NOT NULL DEFAULT '1' COMMENT '严重程度：1=一般，2=严重，3=非常严重',
  `current_score` decimal(5,2) DEFAULT NULL COMMENT '触发预警时的成绩',
  `threshold_score` decimal(5,2) DEFAULT NULL COMMENT '触发阈值',
  `description` varchar(500) DEFAULT NULL COMMENT '预警描述',
  `status` tinyint NOT NULL DEFAULT '0' COMMENT '状态：0=未处理，1=已通知，2=已处理',
  `processed_by` bigint DEFAULT NULL COMMENT '处理人ID，对应 tb_user.id',
  `process_comment` varchar(500) DEFAULT NULL COMMENT '处理意见',
  `created_at` datetime NOT NULL DEFAULT CURRENT_TIMESTAMP COMMENT '创建时间',
  `updated_at` datetime NOT NULL DEFAULT CURRENT_TIMESTAMP ON UPDATE CURRENT_TIMESTAMP COMMENT '更新时间',
  `processed_at` datetime DEFAULT NULL COMMENT '处理时间',
  PRIMARY KEY (`id`),
  KEY `idx_warning_student` (`student_id`),
  KEY `idx_warning_status` (`status`),
  KEY `idx_warning_created` (`created_at`),
  KEY `fk_warning_course` (`course_id`),
  KEY `fk_warning_enrollment` (`enrollment_id`),
  KEY `fk_warning_processor` (`processed_by`),
  CONSTRAINT `fk_warning_course` FOREIGN KEY (`course_id`) REFERENCES `tb_course` (`id`) ON DELETE RESTRICT ON UPDATE CASCADE,
  CONSTRAINT `fk_warning_enrollment` FOREIGN KEY (`enrollment_id`) REFERENCES `tb_enrollment` (`id`) ON DELETE RESTRICT ON UPDATE CASCADE,
  CONSTRAINT `fk_warning_processor` FOREIGN KEY (`processed_by`) REFERENCES `tb_user` (`id`) ON DELETE RESTRICT ON UPDATE CASCADE,
  CONSTRAINT `fk_warning_student` FOREIGN KEY (`student_id`) REFERENCES `tb_user` (`id`) ON DELETE RESTRICT ON UPDATE CASCADE
) ENGINE=InnoDB DEFAULT CHARSET=utf8mb4 COLLATE=utf8mb4_0900_ai_ci COMMENT='学业预警表';
/*!40101 SET character_set_client = @saved_cs_client */;

LOCK TABLES `tb_academic_warning` WRITE;
/*!40000 ALTER TABLE `tb_academic_warning` DISABLE KEYS */;
/*!40000 ALTER TABLE `tb_academic_warning` ENABLE KEYS */;
UNLOCK TABLES;
DROP TABLE IF EXISTS `tb_assignment`;
/*!40101 SET @saved_cs_client     = @@character_set_client */;
/*!50503 SET character_set_client = utf8mb4 */;
CREATE TABLE `tb_assignment` (
  `id` bigint NOT NULL AUTO_INCREMENT COMMENT '??ID',
  `course_id` bigint NOT NULL COMMENT '??ID??? tb_course.id',
  `teacher_id` bigint NOT NULL COMMENT '????ID??? tb_user.id',
  `title` varchar(100) NOT NULL COMMENT '????',
  `description` text COMMENT '????',
  `full_score` int NOT NULL DEFAULT '100' COMMENT '??',
  `start_time` datetime DEFAULT NULL COMMENT '???????????????',
  `deadline` datetime NOT NULL COMMENT '????',
  `allow_late_submission` tinyint NOT NULL DEFAULT '0' COMMENT '??????????????=??????1=???',
  `status` tinyint NOT NULL DEFAULT '1' COMMENT '?????0=???1=????2=???',
  `published_at` datetime DEFAULT NULL COMMENT '??????????????????',
  `created_at` datetime NOT NULL DEFAULT CURRENT_TIMESTAMP COMMENT '????',
  `updated_at` datetime NOT NULL DEFAULT CURRENT_TIMESTAMP ON UPDATE CURRENT_TIMESTAMP COMMENT '????',
  `deleted` tinyint NOT NULL DEFAULT '0' COMMENT '?????0=???1=??',
  PRIMARY KEY (`id`),
  KEY `idx_assignment_course` (`course_id`),
  KEY `idx_assignment_teacher` (`teacher_id`),
  KEY `idx_assignment_deadline` (`deadline`),
  CONSTRAINT `fk_assignment_course` FOREIGN KEY (`course_id`) REFERENCES `tb_course` (`id`) ON DELETE RESTRICT ON UPDATE CASCADE,
  CONSTRAINT `fk_assignment_teacher` FOREIGN KEY (`teacher_id`) REFERENCES `tb_user` (`id`) ON DELETE RESTRICT ON UPDATE CASCADE
) ENGINE=InnoDB AUTO_INCREMENT=9305 DEFAULT CHARSET=utf8mb4 COLLATE=utf8mb4_0900_ai_ci COMMENT='???';
/*!40101 SET character_set_client = @saved_cs_client */;

LOCK TABLES `tb_assignment` WRITE;
/*!40000 ALTER TABLE `tb_assignment` DISABLE KEYS */;
INSERT INTO `tb_assignment` VALUES (1,9101,1000,'第一次作业：登录接口联调','完成登录接口调用，记录请求、响应和异常处理。',100,'2026-07-14 14:23:40','2026-08-20 23:59:59',0,1,'2026-07-14 14:23:40','2026-07-14 14:23:40','2026-07-15 10:19:50',0),(2,9101,1000,'第二次作业：课程模块 CRUD','完成课程列表、新增、编辑和状态修改接口测试。',100,'2026-07-14 14:23:40','2026-08-27 23:59:59',0,0,NULL,'2026-07-14 14:23:40','2026-07-15 10:19:50',0),(3,9102,1000,'MyBatis Plus 实体映射练习','整理实体类注解、Mapper 继承和逻辑删除说明。',100,'2026-07-14 14:23:40','2026-08-25 23:59:59',0,1,'2026-07-14 14:23:40','2026-07-14 14:23:40','2026-07-15 10:19:50',0),(4,9103,1000,'MyBatis Plus 高级查询','练习条件构造器和分页查询。',100,'2026-07-14 14:23:40','2026-08-30 23:59:59',0,0,NULL,'2026-07-14 14:23:40','2026-07-15 10:19:50',0),(5,9104,1000,'微服务架构设计','画出系统架构图，说明各服务职责。',100,'2026-07-14 14:23:40','2026-09-05 23:59:59',0,1,'2026-07-14 14:23:40','2026-07-14 14:23:40','2026-07-15 10:19:50',0),(6,9105,1000,'排序算法实现','实现快速排序和归并排序。',100,'2026-07-14 14:23:40','2026-08-22 23:59:59',0,0,NULL,'2026-07-14 14:23:40','2026-07-15 10:19:50',0),(7,9201,1001,'Pandas 基础练习','完成 DataFrame 基本操作。',100,'2026-07-14 14:23:40','2026-08-20 23:59:59',0,1,'2026-07-14 14:23:40','2026-07-14 14:23:40','2026-07-15 10:19:50',0),(8,9202,1001,'Vue3 组件拆分','完成登录页和基础布局组件拆分。',100,'2026-07-14 14:23:40','2026-08-18 23:59:59',0,2,'2026-07-14 14:23:40','2026-07-14 14:23:40','2026-07-15 10:19:50',0),(9,9203,1001,'机器学习入门报告','撰写 KNN 算法学习报告。',100,'2026-07-14 14:23:40','2026-09-01 23:59:59',0,0,NULL,'2026-07-14 14:23:40','2026-07-15 10:19:50',0),(10,9101,101,'1','2',100,'2026-07-15 14:16:18','2026-07-31 00:00:00',0,1,'2026-07-15 14:16:18','2026-07-15 14:16:18','2026-07-15 14:16:18',0),(11,9101,101,'123','3121',100,'2026-07-15 15:04:22','2026-07-31 00:00:00',0,1,'2026-07-15 15:04:22','2026-07-15 15:04:22','2026-07-15 15:04:22',0),(12,9101,1000,'第一次作业：登录接口联调','完成登录接口调用，记录请求、响应和异常处理。',100,NULL,'2026-08-20 23:59:59',0,1,NULL,'2026-07-18 11:47:25','2026-07-18 11:47:25',0),(13,9101,1000,'第二次作业：课程模块 CRUD','完成课程列表、新增、编辑和状态修改接口测试。',100,NULL,'2026-08-27 23:59:59',0,0,NULL,'2026-07-18 11:47:25','2026-07-18 11:47:25',0),(14,9102,1000,'MyBatis Plus 实体映射练习','整理实体类注解、Mapper 继承和逻辑删除说明。',100,NULL,'2026-08-25 23:59:59',0,1,NULL,'2026-07-18 11:47:25','2026-07-18 11:47:25',0),(15,9103,1000,'MyBatis Plus 高级查询','练习条件构造器和分页查询。',100,NULL,'2026-08-30 23:59:59',0,0,NULL,'2026-07-18 11:47:25','2026-07-18 11:47:25',0),(16,9104,1000,'微服务架构设计','画出系统架构图，说明各服务职责。',100,NULL,'2026-09-05 23:59:59',0,1,NULL,'2026-07-18 11:47:25','2026-07-18 11:47:25',0),(17,9105,1000,'排序算法实现','实现快速排序和归并排序。',100,NULL,'2026-08-22 23:59:59',0,0,NULL,'2026-07-18 11:47:25','2026-07-18 11:47:25',0),(18,9201,1001,'Pandas 基础练习','完成 DataFrame 基本操作。',100,NULL,'2026-08-20 23:59:59',0,1,NULL,'2026-07-18 11:47:25','2026-07-18 11:47:25',0),(19,9202,1001,'Vue3 组件拆分','完成登录页和基础布局组件拆分。',100,NULL,'2026-08-18 23:59:59',0,2,NULL,'2026-07-18 11:47:25','2026-07-18 11:47:25',0),(20,9203,1001,'机器学习入门报告','撰写 KNN 算法学习报告。',100,NULL,'2026-09-01 23:59:59',0,0,NULL,'2026-07-18 11:47:25','2026-07-18 11:47:25',0),(9301,9101,9002,'第一次作业：登录接口联调','完成登录接口调用，记录请求、响应和异常处理。',100,NULL,'2026-07-20 23:59:59',0,1,NULL,'2026-07-18 11:47:37','2026-07-18 11:47:37',0),(9302,9101,9002,'第二次作业：课程模块 CRUD','完成课程列表、新增、编辑和状态修改接口测试。',100,NULL,'2026-07-27 23:59:59',0,0,NULL,'2026-07-18 11:47:37','2026-07-18 11:47:37',0),(9303,9102,9002,'MyBatis Plus 实体映射练习','整理实体类注解、Mapper 继承和逻辑删除说明。',100,NULL,'2026-07-25 23:59:59',0,1,NULL,'2026-07-18 11:47:37','2026-07-18 11:47:37',0),(9304,9103,9003,'Vue3 页面组件拆分','完成登录页和基础布局组件拆分。',100,NULL,'2026-07-18 23:59:59',0,2,NULL,'2026-07-18 11:47:37','2026-07-18 11:47:37',0);
/*!40000 ALTER TABLE `tb_assignment` ENABLE KEYS */;
UNLOCK TABLES;
DROP TABLE IF EXISTS `tb_assignment_attachment`;
/*!40101 SET @saved_cs_client     = @@character_set_client */;
/*!50503 SET character_set_client = utf8mb4 */;
CREATE TABLE `tb_assignment_attachment` (
  `id` bigint NOT NULL AUTO_INCREMENT,
  `assignment_id` bigint NOT NULL,
  `original_name` varchar(255) NOT NULL,
  `stored_name` varchar(255) NOT NULL,
  `content_type` varchar(100) DEFAULT NULL,
  `file_size` bigint NOT NULL,
  `uploaded_by` bigint NOT NULL,
  `created_at` datetime NOT NULL DEFAULT CURRENT_TIMESTAMP,
  PRIMARY KEY (`id`),
  KEY `idx_assignment_attachment_assignment` (`assignment_id`)
) ENGINE=InnoDB DEFAULT CHARSET=utf8mb4 COLLATE=utf8mb4_0900_ai_ci;
/*!40101 SET character_set_client = @saved_cs_client */;

LOCK TABLES `tb_assignment_attachment` WRITE;
/*!40000 ALTER TABLE `tb_assignment_attachment` DISABLE KEYS */;
/*!40000 ALTER TABLE `tb_assignment_attachment` ENABLE KEYS */;
UNLOCK TABLES;
DROP TABLE IF EXISTS `tb_course`;
/*!40101 SET @saved_cs_client     = @@character_set_client */;
/*!50503 SET character_set_client = utf8mb4 */;
CREATE TABLE `tb_course` (
  `id` bigint NOT NULL AUTO_INCREMENT COMMENT '??ID',
  `code` varchar(20) DEFAULT NULL COMMENT '???',
  `teacher_id` bigint NOT NULL COMMENT '????ID??? tb_user.id',
  `name` varchar(100) NOT NULL COMMENT '????',
  `description` text COMMENT '????',
  `cover_url` varchar(255) DEFAULT NULL COMMENT '??????',
  `max_students` int NOT NULL DEFAULT '100' COMMENT '??????',
  `enrolled_count` int NOT NULL DEFAULT '0' COMMENT '??????',
  `credit` decimal(4,1) DEFAULT NULL COMMENT '??',
  `dept` varchar(50) DEFAULT NULL COMMENT '????',
  `category` varchar(30) DEFAULT NULL COMMENT '???????/??/??/?????',
  `tags` varchar(100) DEFAULT NULL COMMENT '????',
  `class_count` int DEFAULT '1' COMMENT '?????',
  `academic_year` varchar(9) DEFAULT NULL COMMENT '?????? 2025-2026',
  `semester` tinyint DEFAULT NULL COMMENT '开课学期：1=上学期，2=下学期，3=短学期',
  `total_hours` smallint DEFAULT NULL COMMENT '总学时',
  `status` tinyint NOT NULL DEFAULT '1' COMMENT '?????0=???1=??',
  `created_at` datetime NOT NULL DEFAULT CURRENT_TIMESTAMP COMMENT '????',
  `updated_at` datetime NOT NULL DEFAULT CURRENT_TIMESTAMP ON UPDATE CURRENT_TIMESTAMP COMMENT '????',
  `deleted` tinyint NOT NULL DEFAULT '0' COMMENT '?????0=???1=??',
  PRIMARY KEY (`id`),
  KEY `idx_course_teacher` (`teacher_id`),
  KEY `idx_course_status` (`status`),
  CONSTRAINT `fk_course_teacher` FOREIGN KEY (`teacher_id`) REFERENCES `tb_user` (`id`) ON DELETE RESTRICT ON UPDATE CASCADE
) ENGINE=InnoDB AUTO_INCREMENT=9408 DEFAULT CHARSET=utf8mb4 COLLATE=utf8mb4_0900_ai_ci COMMENT='???';
/*!40101 SET character_set_client = @saved_cs_client */;

LOCK TABLES `tb_course` WRITE;
/*!40000 ALTER TABLE `tb_course` DISABLE KEYS */;
INSERT INTO `tb_course` VALUES (9101,'9101',101,'Java Web 开发实战','围绕 Spring Boot、网关、接口联调完成在线教育系统后端开发。','https://example.com/covers/java-web.png',60,2,3.0,'计算机科学与技术学院','必修','核心课',2,'2025-2026',2,48,1,'2026-07-14 14:22:58','2026-07-20 09:23:39',0),(9102,'9102',102,'数据库设计与 MyBatis Plus','学习核心业务表设计、实体映射、逻辑删除和常用 CRUD。','https://example.com/covers/database.png',45,2,3.5,'计算机科学与技术学院','必修','核心课',2,'2025-2026',2,56,1,'2026-07-14 14:22:58','2026-07-20 09:23:39',0),(9103,'9103',103,'前端工程化与 Vue3','使用 Vue3、Vite、Pinia、Element Plus 构建管理端页面。','https://example.com/covers/vue3.png',50,2,2.0,'软件工程系','必修','核心课',1,'2025-2026',2,32,1,'2026-07-14 14:22:58','2026-07-20 12:45:54',0),(9104,'9104',104,'旧版下架课程样例','用于验证课程下架状态过滤。','https://example.com/covers/offline.png',30,2,3.0,'软件工程系','必修','核心课',2,'2025-2026',2,48,0,'2026-07-14 14:22:58','2026-07-20 09:23:40',0),(9105,'9105',101,'数据结构与算法','系统学习常用数据结构和经典算法。',NULL,100,3,4.0,'计算机科学与技术学院','必修','核心课',3,'2025-2026',2,64,1,'2026-07-14 14:22:58','2026-07-18 18:31:11',0),(9106,'9106',102,'操作系统','进程管理、内存管理、文件系统等核心概念。',NULL,100,0,3.5,'计算机科学与技术学院','必修','核心课',3,'2025-2026',2,56,1,'2026-07-14 14:22:58','2026-07-18 18:31:11',0),(9107,'9107',102,'计算机网络','TCP/IP 协议栈、HTTP、网络编程。',NULL,100,0,3.5,'计算机科学与技术学院','必修','核心课',3,'2025-2026',2,56,1,'2026-07-14 14:22:58','2026-07-20 11:14:17',0),(9108,'9108',102,'软件工程','软件开发生命周期、需求分析、设计模式。',NULL,100,0,3.0,'软件工程系','必修','核心课',3,'2025-2026',2,48,1,'2026-07-14 14:22:58','2026-07-18 18:31:11',0),(9109,'9109',102,'编译原理','词法分析、语法分析、语义分析和代码生成。',NULL,100,0,3.0,'软件工程系','必修','专业课',2,'2025-2026',2,48,1,'2026-07-14 14:22:58','2026-07-18 11:42:56',0),(9110,'9110',102,'Linux 系统管理','Linux 基础命令、Shell 编程和服务管理。',NULL,100,0,2.5,'软件工程系','必修','实践课',2,'2025-2026',2,48,1,'2026-07-14 14:22:58','2026-07-18 11:42:56',0),(9201,'9201',103,'Python 数据分析','使用 Pandas、NumPy 进行数据处理和分析。',NULL,100,2,2.0,'软件工程系','选修','专业选修',3,'2025-2026',2,32,1,'2026-07-14 14:22:58','2026-07-18 18:31:11',0),(9202,'9202',103,'Vue3 前端开发','Vue3、Vite、Pinia、Element Plus 构建前端页面。',NULL,100,1,2.0,'软件工程系','选修','专业选修',2,'2025-2026',2,32,1,'2026-07-14 14:22:58','2026-07-18 11:42:56',0),(9203,'9203',103,'人工智能基础','机器学习、深度学习入门知识。',NULL,100,1,2.5,'人工智能学院','选修','AI课程',2,'2025-2026',2,40,1,'2026-07-14 14:22:58','2026-07-18 11:42:56',0),(9204,'9204',104,'深度学习导论','CNN、RNN、Transformer 等深度学习模型。',NULL,100,1,2.5,'人工智能学院','选修','AI课程',2,'2025-2026',2,40,1,'2026-07-14 14:22:58','2026-07-18 18:26:43',0),(9205,'9205',104,'云计算与容器技术','Docker、Kubernetes 等云原生技术。',NULL,100,1,2.0,'软件工程系','选修','专业选修',2,'2025-2026',2,40,1,'2026-07-14 14:22:58','2026-07-18 11:42:56',0),(9206,'9206',104,'大数据技术基础','Hadoop、Spark 等大数据处理框架。',NULL,100,1,2.5,'计算机科学与技术学院','选修','专业选修',2,'2025-2026',2,40,1,'2026-07-14 14:22:58','2026-07-18 11:42:56',0),(9301,'9301',105,'大学生心理健康教育','关注大学生心理健康，提升心理素质。',NULL,100,0,2.0,'马克思主义学院','通识','通识课',2,'2025-2026',2,32,1,'2026-07-14 14:22:58','2026-07-18 18:26:43',0),(9302,'9302',105,'大学生职业发展与就业指导','职业规划、简历制作和面试技巧。',NULL,100,1,1.5,'学生工作部','通识','通识课',1,'2025-2026',2,24,1,'2026-07-14 14:22:58','2026-07-18 18:26:43',0),(9303,'9303',105,'中国近现代史纲要','学习中国近现代历史发展进程。',NULL,100,1,3.0,'马克思主义学院','通识','思政课',3,'2025-2026',2,48,1,'2026-07-14 14:22:58','2026-07-18 18:31:11',0),(9304,'9304',105,'大学英语（四）','大学英语高级课程。',NULL,100,1,2.0,'外国语学院','通识','公共课',1,'2025-2026',2,32,1,'2026-07-14 14:22:58','2026-07-18 18:26:43',0),(9305,'9305',105,'体育（四）','大学体育课程。',NULL,100,0,1.0,'体育学院','通识','公共课',1,'2025-2026',2,32,1,'2026-07-14 14:22:58','2026-07-18 18:26:43',0),(9401,'9401',106,'开源软件项目实践','参与开源项目，学习协作开发。',NULL,100,0,2.0,'软件工程系','个性课程','创新实践',3,'2025-2026',2,48,1,'2026-07-14 14:22:58','2026-07-18 18:31:11',0),(9402,'9402',106,'企业级项目开发实训','模拟企业项目开发流程。',NULL,100,1,3.0,'软件工程系','个性课程','实践课',2,'2025-2026',2,64,1,'2026-07-14 14:22:58','2026-07-18 18:26:43',0),(9403,'9403',106,'科技创新训练','培养科技创新思维和能力。',NULL,100,1,2.0,'创新创业学院','个性课程','创新创业',1,'2025-2026',2,48,1,'2026-07-14 14:22:58','2026-07-18 18:26:43',0),(9404,'9404',106,'ACM 程序设计竞赛训练','算法竞赛训练，提高编程能力。',NULL,100,0,2.0,'软件工程系','个性课程','创新实践',1,'2025-2026',2,48,1,'2026-07-14 14:22:58','2026-07-18 11:42:56',0),(9405,'9405',106,'毕业设计（软件工程）','软件工程专业毕业设计。',NULL,100,0,8.0,'软件工程系','个性课程','毕业实践',1,'2025-2026',2,128,1,'2026-07-14 14:22:58','2026-07-18 18:26:43',0);
/*!40000 ALTER TABLE `tb_course` ENABLE KEYS */;
UNLOCK TABLES;
DROP TABLE IF EXISTS `tb_course_class`;
/*!40101 SET @saved_cs_client     = @@character_set_client */;
/*!50503 SET character_set_client = utf8mb4 */;
CREATE TABLE `tb_course_class` (
  `id` bigint NOT NULL AUTO_INCREMENT COMMENT '???ID',
  `course_id` bigint NOT NULL COMMENT '??ID',
  `teacher_id` bigint NOT NULL COMMENT '????ID',
  `name` varchar(100) NOT NULL COMMENT '????',
  `max_students` int NOT NULL DEFAULT '60' COMMENT '??????',
  `enrolled_count` int NOT NULL DEFAULT '0' COMMENT '??????',
  `created_at` datetime NOT NULL DEFAULT CURRENT_TIMESTAMP COMMENT '????',
  `updated_at` datetime NOT NULL DEFAULT CURRENT_TIMESTAMP ON UPDATE CURRENT_TIMESTAMP COMMENT '????',
  `deleted` tinyint NOT NULL DEFAULT '0' COMMENT '????',
  PRIMARY KEY (`id`),
  KEY `idx_class_course` (`course_id`),
  KEY `idx_class_teacher` (`teacher_id`),
  CONSTRAINT `fk_class_course` FOREIGN KEY (`course_id`) REFERENCES `tb_course` (`id`),
  CONSTRAINT `fk_class_teacher` FOREIGN KEY (`teacher_id`) REFERENCES `tb_user` (`id`)
) ENGINE=InnoDB AUTO_INCREMENT=58 DEFAULT CHARSET=utf8mb4 COLLATE=utf8mb4_0900_ai_ci COMMENT='???';
/*!40101 SET character_set_client = @saved_cs_client */;

LOCK TABLES `tb_course_class` WRITE;
/*!40000 ALTER TABLE `tb_course_class` DISABLE KEYS */;
INSERT INTO `tb_course_class` VALUES (1,9101,101,'Java Web 开发实战 默认班',100,1,'2026-07-18 11:45:03','2026-07-18 16:31:02',0),(2,9102,101,'数据库系统原理 默认班',100,2,'2026-07-18 11:45:03','2026-07-18 16:31:02',0),(3,9103,101,'MyBatis Plus 企业开发 默认班',100,0,'2026-07-18 11:45:03','2026-07-20 12:46:01',0),(4,9104,101,'Spring Boot 微服务开发 默认班',100,0,'2026-07-18 11:45:03','2026-07-18 16:29:54',0),(5,9105,101,'数据结构与算法 默认班',100,3,'2026-07-18 11:45:03','2026-07-18 11:45:03',0),(6,9106,102,'操作系统 默认班',100,0,'2026-07-18 11:45:03','2026-07-18 11:45:03',0),(7,9107,102,'计算机网络 默认班',100,0,'2026-07-18 11:45:03','2026-07-18 11:45:03',0),(8,9108,102,'软件工程 默认班',100,0,'2026-07-18 11:45:03','2026-07-18 11:45:03',0),(9,9109,102,'编译原理 默认班',100,0,'2026-07-18 11:45:03','2026-07-18 11:45:03',0),(10,9110,102,'Linux 系统管理 默认班',100,0,'2026-07-18 11:45:03','2026-07-18 11:45:03',0),(11,9201,103,'Python 数据分析 默认班',100,2,'2026-07-18 11:45:03','2026-07-18 11:45:03',0),(12,9202,103,'Vue3 前端开发 默认班',100,0,'2026-07-18 11:45:03','2026-07-18 16:29:54',0),(13,9203,103,'人工智能基础 默认班',100,1,'2026-07-18 11:45:03','2026-07-18 11:45:03',0),(14,9204,104,'深度学习导论 默认班',100,1,'2026-07-18 11:45:03','2026-07-18 11:45:03',0),(15,9205,104,'云计算与容器技术 默认班',100,1,'2026-07-18 11:45:03','2026-07-18 11:45:03',0),(16,9206,104,'大数据技术基础 默认班',100,0,'2026-07-18 11:45:03','2026-07-18 16:29:54',0),(17,9301,105,'大学生心理健康教育 默认班',100,0,'2026-07-18 11:45:03','2026-07-18 11:45:03',0),(18,9302,105,'大学生职业发展与就业指导 默认班',100,1,'2026-07-18 11:45:03','2026-07-18 11:45:03',0),(19,9303,105,'中国近现代史纲要 默认班',100,0,'2026-07-18 11:45:03','2026-07-18 16:29:54',0),(20,9304,105,'大学英语（四） 默认班',100,1,'2026-07-18 11:45:03','2026-07-18 11:45:03',0),(21,9305,105,'体育（四） 默认班',100,0,'2026-07-18 11:45:03','2026-07-18 11:45:03',0),(22,9401,106,'开源软件项目实践 默认班',100,0,'2026-07-18 11:45:03','2026-07-18 11:45:03',0),(23,9402,106,'企业级项目开发实训 默认班',100,0,'2026-07-18 11:45:03','2026-07-18 16:29:54',0),(24,9403,106,'科技创新训练 默认班',100,1,'2026-07-18 11:45:03','2026-07-18 11:45:03',0),(25,9404,106,'ACM 程序设计竞赛训练 默认班',100,0,'2026-07-18 11:45:03','2026-07-18 11:45:03',0),(26,9405,106,'毕业设计（软件工程） 默认班',100,0,'2026-07-18 11:45:03','2026-07-18 11:45:03',0),(27,9101,102,'Java Web 开发实战 二班',50,1,'2026-07-18 16:29:42','2026-07-18 16:29:54',0),(28,9102,102,'数据库系统原理 二班',50,0,'2026-07-18 16:29:42','2026-07-18 16:29:42',0),(29,9103,102,'MyBatis Plus 企业开发 二班',50,2,'2026-07-18 16:29:42','2026-07-18 16:29:54',0),(30,9104,102,'Spring Boot 微服务开发 二班',50,2,'2026-07-18 16:29:42','2026-07-18 16:29:54',0),(31,9105,102,'数据结构与算法 二班',50,0,'2026-07-18 16:29:42','2026-07-18 16:29:42',0),(32,9106,101,'操作系统 二班',50,0,'2026-07-18 16:29:42','2026-07-18 16:29:42',0),(33,9107,101,'计算机网络 二班',50,0,'2026-07-18 16:29:42','2026-07-18 16:29:42',0),(34,9108,101,'软件工程 二班',50,0,'2026-07-18 16:29:42','2026-07-18 16:29:42',0),(35,9109,101,'编译原理 二班',50,0,'2026-07-18 16:29:42','2026-07-18 16:29:42',0),(36,9110,101,'Linux 系统管理 二班',50,0,'2026-07-18 16:29:42','2026-07-18 16:29:42',0),(37,9201,104,'Python 数据分析 二班',40,0,'2026-07-18 16:29:42','2026-07-18 16:29:42',0),(38,9202,104,'Vue3 前端开发 二班',40,1,'2026-07-18 16:29:42','2026-07-18 16:29:54',0),(39,9203,104,'人工智能基础 二班',40,0,'2026-07-18 16:29:42','2026-07-18 16:29:42',0),(40,9204,103,'深度学习导论 二班',40,0,'2026-07-18 16:29:42','2026-07-18 16:29:42',0),(41,9205,103,'云计算与容器技术 二班',40,0,'2026-07-18 16:29:42','2026-07-18 16:29:42',0),(42,9206,103,'大数据技术基础 二班',40,1,'2026-07-18 16:29:42','2026-07-18 16:29:54',0),(43,9301,106,'大学生心理健康教育 二班',80,0,'2026-07-18 16:29:42','2026-07-18 16:29:42',0),(44,9303,106,'中国近现代史纲要 二班',80,1,'2026-07-18 16:29:42','2026-07-18 16:29:54',0),(45,9401,105,'开源软件项目实践 二班',40,0,'2026-07-18 16:29:42','2026-07-18 16:29:42',0),(46,9402,105,'企业级项目开发实训 二班',40,1,'2026-07-18 16:29:42','2026-07-18 16:29:54',0),(47,9105,103,'数据结构与算法 三班',60,0,'2026-07-18 18:30:55','2026-07-18 18:30:55',0),(48,9106,104,'操作系统 三班',60,0,'2026-07-18 18:30:55','2026-07-18 18:30:55',0),(49,9108,104,'软件工程 三班',60,0,'2026-07-18 18:30:55','2026-07-18 18:30:55',0),(50,9201,105,'Python 数据分析 三班',50,0,'2026-07-18 18:30:55','2026-07-18 18:30:55',0),(51,9303,101,'中国近现代史纲要 三班',80,0,'2026-07-18 18:30:55','2026-07-18 18:30:55',0),(52,9401,103,'开源软件项目实践 三班',50,0,'2026-07-18 18:30:55','2026-07-18 18:30:55',0),(55,9107,101,'计算机网络 第3班',100,0,'2026-07-20 11:14:17','2026-07-20 11:14:17',0);
/*!40000 ALTER TABLE `tb_course_class` ENABLE KEYS */;
UNLOCK TABLES;
DROP TABLE IF EXISTS `tb_course_schedule`;
/*!40101 SET @saved_cs_client     = @@character_set_client */;
/*!50503 SET character_set_client = utf8mb4 */;
CREATE TABLE `tb_course_schedule` (
  `id` bigint NOT NULL AUTO_INCREMENT COMMENT '排课ID',
  `class_id` bigint NOT NULL COMMENT '教学班ID，对应 tb_course_class.id',
  `day_of_week` tinyint NOT NULL COMMENT '星期：1=周一~7=周日',
  `start_period` tinyint NOT NULL COMMENT '开始节次',
  `end_period` tinyint NOT NULL COMMENT '结束节次',
  `start_week` tinyint NOT NULL COMMENT '起始教学周',
  `end_week` tinyint NOT NULL COMMENT '结束教学周',
  `week_type` tinyint NOT NULL DEFAULT '0' COMMENT '周类型：0=全周，1=单周，2=双周',
  `location` varchar(100) DEFAULT NULL COMMENT '上课地点',
  `created_at` datetime NOT NULL DEFAULT CURRENT_TIMESTAMP COMMENT '创建时间',
  `updated_at` datetime NOT NULL DEFAULT CURRENT_TIMESTAMP ON UPDATE CURRENT_TIMESTAMP COMMENT '更新时间',
  PRIMARY KEY (`id`),
  KEY `idx_schedule_class` (`class_id`),
  KEY `idx_schedule_weekday` (`day_of_week`,`start_period`),
  CONSTRAINT `fk_schedule_class` FOREIGN KEY (`class_id`) REFERENCES `tb_course_class` (`id`) ON DELETE RESTRICT ON UPDATE CASCADE
) ENGINE=InnoDB AUTO_INCREMENT=124 DEFAULT CHARSET=utf8mb4 COLLATE=utf8mb4_0900_ai_ci COMMENT='教学班排课表';
/*!40101 SET character_set_client = @saved_cs_client */;

LOCK TABLES `tb_course_schedule` WRITE;
/*!40000 ALTER TABLE `tb_course_schedule` DISABLE KEYS */;
INSERT INTO `tb_course_schedule` VALUES (1,1,1,1,2,1,16,0,'教学楼A-301','2026-07-18 11:56:48','2026-07-18 12:10:17'),(2,1,3,3,4,1,16,0,'教学楼A-301','2026-07-18 11:56:48','2026-07-18 12:10:17'),(3,1,5,5,6,1,16,0,'实验楼B-205','2026-07-18 11:56:48','2026-07-18 12:10:17'),(4,2,2,1,2,1,16,0,'教学楼A-405','2026-07-18 11:56:48','2026-07-18 12:10:17'),(5,2,4,3,4,1,16,0,'教学楼A-405','2026-07-18 11:56:48','2026-07-18 12:10:17'),(6,2,5,3,4,1,16,0,'实验楼B-301','2026-07-18 11:56:48','2026-07-18 12:10:17'),(7,3,1,3,4,1,16,0,'教学楼A-302','2026-07-18 11:56:48','2026-07-18 12:10:17'),(8,3,4,1,2,1,16,0,'实验楼B-205','2026-07-18 11:56:48','2026-07-18 12:10:17'),(9,4,2,3,4,1,16,0,'教学楼A-303','2026-07-18 11:56:48','2026-07-18 12:10:17'),(10,4,4,5,6,1,16,0,'教学楼A-303','2026-07-18 11:56:48','2026-07-18 12:10:17'),(11,4,5,1,2,1,16,0,'实验楼B-205','2026-07-18 11:56:48','2026-07-18 12:10:17'),(12,5,1,5,6,1,16,0,'教学楼C-101','2026-07-18 11:56:48','2026-07-18 12:10:17'),(13,5,3,1,2,1,16,0,'教学楼C-101','2026-07-18 11:56:48','2026-07-18 12:10:17'),(14,5,5,7,8,1,16,0,'教学楼C-101','2026-07-18 11:56:48','2026-07-18 12:10:17'),(15,6,1,1,2,1,16,0,'教学楼C-201','2026-07-18 11:56:48','2026-07-18 12:10:17'),(16,6,3,5,6,1,16,0,'教学楼C-201','2026-07-18 11:56:48','2026-07-18 12:10:17'),(17,6,4,1,2,1,16,0,'教学楼C-201','2026-07-18 11:56:48','2026-07-18 12:10:17'),(18,7,2,1,2,1,16,0,'教学楼C-202','2026-07-18 11:56:48','2026-07-18 12:10:17'),(19,7,4,3,4,1,16,0,'教学楼C-202','2026-07-18 11:56:48','2026-07-18 12:10:17'),(20,7,5,5,6,1,16,0,'教学楼C-202','2026-07-18 11:56:48','2026-07-18 12:10:17'),(21,8,2,5,6,1,16,0,'教学楼C-301','2026-07-18 11:56:48','2026-07-18 12:10:17'),(22,8,4,7,8,1,16,0,'教学楼C-301','2026-07-18 11:56:48','2026-07-18 12:10:17'),(23,9,1,7,8,1,16,0,'教学楼C-302','2026-07-18 11:56:48','2026-07-18 12:10:17'),(24,9,3,7,8,1,16,0,'教学楼C-302','2026-07-18 11:56:48','2026-07-18 12:10:17'),(25,10,2,7,8,1,16,0,'教学楼C-102','2026-07-18 11:56:48','2026-07-18 12:10:17'),(26,10,4,5,6,1,16,0,'实验楼B-301','2026-07-18 11:56:48','2026-07-18 12:10:17'),(27,11,1,5,6,1,16,0,'实验楼B-401','2026-07-18 11:56:48','2026-07-18 12:10:17'),(28,11,3,5,6,1,16,0,'实验楼B-401','2026-07-18 11:56:48','2026-07-18 12:10:17'),(29,12,2,3,4,1,16,0,'实验楼B-402','2026-07-18 11:56:48','2026-07-18 12:10:17'),(30,12,5,3,4,1,16,0,'实验楼B-402','2026-07-18 11:56:48','2026-07-18 12:10:17'),(31,13,1,3,4,1,16,0,'教学楼D-101','2026-07-18 11:56:48','2026-07-18 12:10:17'),(32,13,3,1,2,1,16,0,'教学楼D-101','2026-07-18 11:56:48','2026-07-18 12:10:17'),(33,14,2,5,6,1,16,0,'教学楼D-102','2026-07-18 11:56:48','2026-07-18 12:10:17'),(34,14,5,1,2,1,16,0,'教学楼D-102','2026-07-18 11:56:48','2026-07-18 12:10:17'),(35,15,3,3,4,1,16,0,'实验楼B-301','2026-07-18 11:56:48','2026-07-18 12:10:17'),(36,15,5,7,8,1,16,0,'实验楼B-301','2026-07-18 11:56:48','2026-07-18 12:10:17'),(37,16,1,1,2,1,16,0,'教学楼D-201','2026-07-18 11:56:48','2026-07-18 12:10:17'),(38,16,4,3,4,1,16,0,'教学楼D-201','2026-07-18 11:56:48','2026-07-18 12:10:17'),(39,17,1,7,8,1,16,0,'教学楼E-101','2026-07-18 11:56:48','2026-07-18 12:10:17'),(40,17,3,7,8,1,16,0,'教学楼E-101','2026-07-18 11:56:48','2026-07-18 12:10:17'),(41,18,5,9,10,1,16,0,'教学楼E-201','2026-07-18 11:56:48','2026-07-18 12:10:17'),(42,19,2,1,2,1,16,0,'教学楼E-301','2026-07-18 11:56:48','2026-07-18 12:10:17'),(43,19,3,5,6,1,16,0,'教学楼E-301','2026-07-18 11:56:48','2026-07-18 12:10:17'),(44,19,5,5,6,1,16,0,'教学楼E-301','2026-07-18 11:56:48','2026-07-18 12:10:17'),(45,20,1,3,4,1,16,0,'教学楼E-401','2026-07-18 11:56:48','2026-07-18 12:10:17'),(46,20,4,1,2,1,16,0,'教学楼E-401','2026-07-18 11:56:48','2026-07-18 12:10:17'),(47,21,2,9,10,1,16,0,'体育馆','2026-07-18 11:56:48','2026-07-18 12:10:17'),(48,21,4,9,10,1,16,0,'体育馆','2026-07-18 11:56:48','2026-07-18 12:10:17'),(49,22,2,5,6,1,16,0,'实验楼B-501','2026-07-18 11:56:48','2026-07-18 12:10:17'),(50,22,4,5,6,1,16,0,'实验楼B-501','2026-07-18 11:56:48','2026-07-18 12:10:17'),(51,23,1,1,2,1,16,0,'实验楼B-502','2026-07-18 11:56:48','2026-07-18 12:10:17'),(52,23,3,3,4,1,16,0,'实验楼B-502','2026-07-18 11:56:48','2026-07-18 12:10:17'),(53,23,5,1,2,1,16,0,'实验楼B-502','2026-07-18 11:56:48','2026-07-18 12:10:17'),(54,24,1,5,6,1,16,0,'教学楼D-301','2026-07-18 11:56:48','2026-07-18 12:10:17'),(55,24,4,7,8,1,16,0,'教学楼D-301','2026-07-18 11:56:48','2026-07-18 12:10:17'),(56,25,3,9,10,1,16,0,'实验楼B-501','2026-07-18 11:56:48','2026-07-18 12:10:17'),(57,25,5,9,10,1,16,0,'实验楼B-501','2026-07-18 11:56:48','2026-07-18 12:10:17'),(58,26,4,11,12,1,16,0,'学院楼-会议室','2026-07-18 11:56:48','2026-07-18 12:10:17'),(62,27,2,1,2,1,16,0,'教学楼A-302','2026-07-18 16:29:42','2026-07-18 16:29:42'),(63,27,4,1,2,1,16,0,'教学楼A-302','2026-07-18 16:29:42','2026-07-18 16:29:42'),(64,27,6,3,4,1,16,0,'实验楼B-206','2026-07-18 16:29:42','2026-07-18 16:29:42'),(65,28,1,3,4,1,16,0,'教学楼A-406','2026-07-18 16:29:42','2026-07-18 16:29:42'),(66,28,3,1,2,1,16,0,'教学楼A-406','2026-07-18 16:29:42','2026-07-18 16:29:42'),(67,28,5,1,2,1,16,0,'实验楼B-302','2026-07-18 16:29:42','2026-07-18 16:29:42'),(68,29,3,3,4,1,16,0,'教学楼A-303','2026-07-18 16:29:42','2026-07-18 16:29:42'),(69,29,5,5,6,1,16,0,'实验楼B-206','2026-07-18 16:29:42','2026-07-18 16:29:42'),(70,30,1,5,6,1,16,0,'教学楼A-304','2026-07-18 16:29:42','2026-07-18 16:29:42'),(71,30,3,5,6,1,16,0,'教学楼A-304','2026-07-18 16:29:42','2026-07-18 16:29:42'),(72,30,6,1,2,1,16,0,'实验楼B-206','2026-07-18 16:29:42','2026-07-18 16:29:42'),(73,31,2,3,4,1,16,0,'教学楼C-102','2026-07-18 16:29:42','2026-07-18 16:29:42'),(74,31,4,3,4,1,16,0,'教学楼C-102','2026-07-18 16:29:42','2026-07-18 16:29:42'),(75,31,6,5,6,1,16,0,'教学楼C-102','2026-07-18 16:29:42','2026-07-18 16:29:42'),(76,32,2,3,4,1,16,0,'教学楼C-203','2026-07-18 16:29:42','2026-07-18 16:29:42'),(77,32,4,5,6,1,16,0,'教学楼C-203','2026-07-18 16:29:42','2026-07-18 16:29:42'),(78,32,5,3,4,1,16,0,'教学楼C-203','2026-07-18 16:29:42','2026-07-18 16:29:42'),(79,33,1,1,2,1,16,0,'教学楼C-204','2026-07-18 16:29:42','2026-07-18 16:29:42'),(80,33,3,3,4,1,16,0,'教学楼C-204','2026-07-18 16:29:42','2026-07-18 16:29:42'),(81,33,4,1,2,1,16,0,'教学楼C-204','2026-07-18 16:29:42','2026-07-18 16:29:42'),(82,34,1,7,8,1,16,0,'教学楼C-303','2026-07-18 16:29:42','2026-07-18 16:29:42'),(83,34,4,5,6,1,16,0,'教学楼C-303','2026-07-18 16:29:42','2026-07-18 16:29:42'),(84,35,2,1,2,1,16,0,'教学楼C-304','2026-07-18 16:29:42','2026-07-18 16:29:42'),(85,35,5,7,8,1,16,0,'教学楼C-304','2026-07-18 16:29:42','2026-07-18 16:29:42'),(86,36,1,3,4,1,16,0,'教学楼C-103','2026-07-18 16:29:42','2026-07-18 16:29:42'),(87,36,3,7,8,1,16,0,'实验楼B-302','2026-07-18 16:29:42','2026-07-18 16:29:42'),(88,37,2,7,8,1,16,0,'实验楼B-403','2026-07-18 16:29:42','2026-07-18 16:29:42'),(89,37,4,5,6,1,16,0,'实验楼B-403','2026-07-18 16:29:42','2026-07-18 16:29:42'),(90,38,3,3,4,1,16,0,'实验楼B-404','2026-07-18 16:29:42','2026-07-18 16:29:42'),(91,38,5,1,2,1,16,0,'实验楼B-404','2026-07-18 16:29:42','2026-07-18 16:29:42'),(92,39,1,7,8,1,16,0,'教学楼D-103','2026-07-18 16:29:42','2026-07-18 16:29:42'),(93,39,4,3,4,1,16,0,'教学楼D-103','2026-07-18 16:29:42','2026-07-18 16:29:42'),(94,40,3,1,2,1,16,0,'教学楼D-104','2026-07-18 16:29:42','2026-07-18 16:29:42'),(95,40,5,3,4,1,16,0,'教学楼D-104','2026-07-18 16:29:42','2026-07-18 16:29:42'),(96,41,1,1,2,1,16,0,'实验楼B-302','2026-07-18 16:29:42','2026-07-18 16:29:42'),(97,41,4,7,8,1,16,0,'实验楼B-302','2026-07-18 16:29:42','2026-07-18 16:29:42'),(98,42,2,5,6,1,16,0,'教学楼D-203','2026-07-18 16:29:42','2026-07-18 16:29:42'),(99,42,5,5,6,1,16,0,'教学楼D-203','2026-07-18 16:29:42','2026-07-18 16:29:42'),(100,43,2,7,8,1,16,0,'教学楼E-103','2026-07-18 16:29:42','2026-07-18 16:29:42'),(101,43,4,7,8,1,16,0,'教学楼E-103','2026-07-18 16:29:42','2026-07-18 16:29:42'),(102,44,1,3,4,1,16,0,'教学楼E-303','2026-07-18 16:29:42','2026-07-18 16:29:42'),(103,44,3,3,4,1,16,0,'教学楼E-303','2026-07-18 16:29:42','2026-07-18 16:29:42'),(104,44,5,1,2,1,16,0,'教学楼E-303','2026-07-18 16:29:42','2026-07-18 16:29:42'),(105,45,3,5,6,1,16,0,'实验楼B-503','2026-07-18 16:29:42','2026-07-18 16:29:42'),(106,45,5,5,6,1,16,0,'实验楼B-503','2026-07-18 16:29:42','2026-07-18 16:29:42'),(107,46,2,1,2,1,16,0,'实验楼B-504','2026-07-18 16:29:42','2026-07-18 16:29:42'),(108,46,4,1,2,1,16,0,'实验楼B-504','2026-07-18 16:29:42','2026-07-18 16:29:42'),(109,46,5,3,4,1,16,0,'实验楼B-504','2026-07-18 16:29:42','2026-07-18 16:29:42'),(110,47,1,3,4,1,16,0,'教学楼D-101','2026-07-18 18:30:55','2026-07-18 18:30:55'),(111,47,3,5,6,1,16,0,'教学楼D-101','2026-07-18 18:30:55','2026-07-18 18:30:55'),(112,47,5,1,2,1,16,0,'教学楼D-101','2026-07-18 18:30:55','2026-07-18 18:30:55'),(113,48,2,1,2,1,16,0,'教学楼D-202','2026-07-18 18:30:55','2026-07-18 18:30:55'),(114,48,4,3,4,1,16,0,'教学楼D-202','2026-07-18 18:30:55','2026-07-18 18:30:55'),(115,49,3,1,2,1,16,0,'教学楼D-303','2026-07-18 18:30:55','2026-07-18 18:30:55'),(116,49,5,3,4,1,16,0,'教学楼D-303','2026-07-18 18:30:55','2026-07-18 18:30:55'),(117,50,1,5,6,1,16,0,'实验楼B-301','2026-07-18 18:30:55','2026-07-18 18:30:55'),(118,50,4,7,8,1,16,0,'实验楼B-301','2026-07-18 18:30:55','2026-07-18 18:30:55'),(119,51,2,5,6,1,16,0,'教学楼E-101','2026-07-18 18:30:55','2026-07-18 18:30:55'),(120,51,4,1,2,1,16,0,'教学楼E-101','2026-07-18 18:30:55','2026-07-18 18:30:55'),(121,52,3,7,8,1,16,0,'实验楼B-601','2026-07-18 18:30:55','2026-07-18 18:30:55'),(122,52,5,7,8,1,16,0,'实验楼B-601','2026-07-18 18:30:55','2026-07-18 18:30:55');
/*!40000 ALTER TABLE `tb_course_schedule` ENABLE KEYS */;
UNLOCK TABLES;
DROP TABLE IF EXISTS `tb_enrollment`;
/*!40101 SET @saved_cs_client     = @@character_set_client */;
/*!50503 SET character_set_client = utf8mb4 */;
CREATE TABLE `tb_enrollment` (
  `id` bigint NOT NULL AUTO_INCREMENT COMMENT '????ID',
  `class_id` bigint NOT NULL COMMENT '教学班ID',
  `course_id` bigint NOT NULL COMMENT '??ID??? tb_course.id',
  `student_id` bigint NOT NULL COMMENT '??ID??? tb_user.id',
  `status` tinyint NOT NULL DEFAULT '0' COMMENT '0=PENDING, 1=APPROVED, 2=DROPPED, 4=REJECTED',
  `final_score` decimal(5,2) DEFAULT NULL COMMENT '最终成绩',
  `grade_letter` varchar(2) DEFAULT NULL COMMENT '等第：A/B/C/D/F',
  `passed` tinyint DEFAULT NULL COMMENT '是否通过：0=未通过，1=通过',
  `apply_reason` varchar(255) DEFAULT NULL COMMENT '??????',
  `review_comment` varchar(255) DEFAULT NULL COMMENT '????',
  `applied_at` datetime NOT NULL DEFAULT CURRENT_TIMESTAMP COMMENT '????',
  `reviewed_at` datetime DEFAULT NULL COMMENT '????',
  `created_at` datetime NOT NULL DEFAULT CURRENT_TIMESTAMP COMMENT '????',
  `updated_at` datetime NOT NULL DEFAULT CURRENT_TIMESTAMP ON UPDATE CURRENT_TIMESTAMP COMMENT '????',
  PRIMARY KEY (`id`),
  UNIQUE KEY `uk_enrollment_class_student` (`class_id`,`student_id`),
  UNIQUE KEY `uk_enrollment_course_student` (`course_id`,`student_id`),
  KEY `idx_enrollment_student` (`student_id`),
  KEY `idx_enrollment_class_status` (`class_id`,`status`),
  CONSTRAINT `fk_enrollment_class` FOREIGN KEY (`class_id`) REFERENCES `tb_course_class` (`id`) ON DELETE RESTRICT ON UPDATE CASCADE,
  CONSTRAINT `fk_enrollment_course` FOREIGN KEY (`course_id`) REFERENCES `tb_course` (`id`) ON DELETE RESTRICT ON UPDATE CASCADE,
  CONSTRAINT `fk_enrollment_student` FOREIGN KEY (`student_id`) REFERENCES `tb_user` (`id`) ON DELETE RESTRICT ON UPDATE CASCADE
) ENGINE=InnoDB AUTO_INCREMENT=9215 DEFAULT CHARSET=utf8mb4 COLLATE=utf8mb4_0900_ai_ci COMMENT='?????';
/*!40101 SET character_set_client = @saved_cs_client */;

LOCK TABLES `tb_enrollment` WRITE;
/*!40000 ALTER TABLE `tb_enrollment` DISABLE KEYS */;
INSERT INTO `tb_enrollment` VALUES (1,1,9101,201,1,NULL,NULL,NULL,'想学习 Java Web 开发','通过','2026-07-01 09:00:00','2026-07-01 10:00:00','2026-07-14 14:23:40','2026-07-18 11:45:03'),(2,2,9102,201,1,NULL,NULL,NULL,'数据库是基础','通过','2026-07-01 09:01:00','2026-07-01 10:01:00','2026-07-14 14:23:40','2026-07-18 11:45:03'),(3,11,9201,201,1,NULL,NULL,NULL,'对数据分析感兴趣','通过','2026-07-01 09:02:00','2026-07-01 10:02:00','2026-07-14 14:23:40','2026-07-18 11:45:03'),(4,5,9105,201,1,NULL,NULL,NULL,'巩固算法基础','通过','2026-07-02 08:00:00','2026-07-02 09:00:00','2026-07-14 14:23:40','2026-07-18 11:45:03'),(5,17,9301,201,0,NULL,NULL,NULL,'心理健康课',NULL,'2026-07-03 10:00:00',NULL,'2026-07-14 14:23:40','2026-07-18 11:45:03'),(6,27,9101,202,1,NULL,NULL,NULL,'想学后端开发','通过','2026-07-01 09:10:00','2026-07-01 10:10:00','2026-07-14 14:23:40','2026-07-18 16:29:54'),(7,38,9202,202,1,NULL,NULL,NULL,'前端开发有兴趣','通过','2026-07-01 09:11:00','2026-07-01 10:11:00','2026-07-14 14:23:40','2026-07-18 16:29:54'),(8,20,9304,202,0,NULL,NULL,NULL,'英语需要提高',NULL,'2026-07-04 11:00:00',NULL,'2026-07-14 14:23:40','2026-07-18 11:45:03'),(9,29,9103,203,1,NULL,NULL,NULL,'学习 MyBatis Plus','通过','2026-07-01 10:00:00','2026-07-01 11:00:00','2026-07-14 14:23:40','2026-07-18 16:29:54'),(10,13,9203,203,1,NULL,NULL,NULL,'AI 方向','通过','2026-07-01 10:01:00','2026-07-01 11:01:00','2026-07-14 14:23:40','2026-07-18 11:45:03'),(11,22,9401,203,0,NULL,NULL,NULL,'开源项目实践',NULL,'2026-07-05 14:00:00',NULL,'2026-07-14 14:23:40','2026-07-18 11:45:03'),(12,30,9104,204,1,NULL,NULL,NULL,'微服务架构','通过','2026-07-02 09:00:00','2026-07-02 10:00:00','2026-07-14 14:23:40','2026-07-18 16:29:54'),(13,14,9204,204,1,NULL,NULL,NULL,'深度学习入门','通过','2026-07-02 09:01:00','2026-07-02 10:01:00','2026-07-14 14:23:40','2026-07-18 11:45:03'),(15,5,9105,205,1,NULL,NULL,NULL,'数据结构重要','通过','2026-07-01 11:00:00','2026-07-01 12:00:00','2026-07-14 14:23:40','2026-07-18 11:45:03'),(16,15,9205,205,1,NULL,NULL,NULL,'云计算方向','通过','2026-07-01 11:01:00','2026-07-01 12:01:00','2026-07-14 14:23:40','2026-07-18 11:45:03'),(18,2,9102,206,1,NULL,NULL,NULL,'数据库必修','通过','2026-07-02 10:00:00','2026-07-02 11:00:00','2026-07-14 14:23:40','2026-07-18 16:30:47'),(19,18,9302,206,1,NULL,NULL,NULL,'职业指导课','通过','2026-07-02 10:01:00','2026-07-02 11:01:00','2026-07-14 14:23:40','2026-07-18 11:45:03'),(20,46,9402,207,1,NULL,NULL,NULL,'企业项目实训','通过','2026-07-03 08:00:00','2026-07-03 09:00:00','2026-07-14 14:23:40','2026-07-18 16:29:54'),(21,29,9103,207,1,NULL,NULL,NULL,'MyBatis 深入学习','通过','2026-07-03 08:01:00','2026-07-03 09:01:00','2026-07-14 14:23:40','2026-07-18 16:29:54'),(22,42,9206,207,1,NULL,NULL,NULL,'大数据技术','通过','2026-07-03 08:02:00','2026-07-03 09:02:00','2026-07-14 14:23:40','2026-07-18 16:29:54'),(23,30,9104,208,1,NULL,NULL,NULL,'Spring Boot 实践','通过','2026-07-04 09:00:00','2026-07-04 10:00:00','2026-07-14 14:23:40','2026-07-18 16:29:54'),(24,44,9303,208,1,NULL,NULL,NULL,'中国近现代史','通过','2026-07-04 09:01:00','2026-07-04 10:01:00','2026-07-14 14:23:40','2026-07-18 16:29:54'),(25,24,9403,209,1,NULL,NULL,NULL,'科技创新','通过','2026-07-05 10:00:00','2026-07-05 11:00:00','2026-07-14 14:23:40','2026-07-18 11:45:03'),(26,11,9201,209,1,NULL,NULL,NULL,'Python 数据分析','通过','2026-07-05 10:01:00','2026-07-05 11:01:00','2026-07-14 14:23:40','2026-07-18 11:45:03'),(27,5,9105,210,1,NULL,NULL,NULL,'算法必修','通过','2026-07-06 08:00:00','2026-07-06 09:00:00','2026-07-14 14:23:40','2026-07-18 11:45:03'),(28,20,9304,210,1,NULL,NULL,NULL,'英语四','通过','2026-07-06 08:01:00','2026-07-06 09:01:00','2026-07-14 14:23:40','2026-07-18 11:45:03'),(9211,8,9108,201,0,NULL,NULL,NULL,NULL,NULL,'2026-07-20 10:34:21',NULL,'2026-07-20 10:34:21','2026-07-20 10:34:21');
/*!40000 ALTER TABLE `tb_enrollment` ENABLE KEYS */;
UNLOCK TABLES;
DROP TABLE IF EXISTS `tb_exam`;
/*!40101 SET @saved_cs_client     = @@character_set_client */;
/*!50503 SET character_set_client = utf8mb4 */;
CREATE TABLE `tb_exam` (
  `id` bigint NOT NULL AUTO_INCREMENT COMMENT '??ID',
  `course_id` bigint NOT NULL COMMENT '??ID??? tb_course.id',
  `teacher_id` bigint NOT NULL COMMENT '????ID??? tb_user.id',
  `title` varchar(100) NOT NULL COMMENT '????',
  `description` text COMMENT '????',
  `start_time` datetime NOT NULL COMMENT '????',
  `end_time` datetime NOT NULL COMMENT '????',
  `full_score` int NOT NULL DEFAULT '100' COMMENT '??',
  `duration` int NOT NULL DEFAULT '60' COMMENT '考试时长（分钟）',
  `max_attempts` int NOT NULL DEFAULT '1' COMMENT '允许提交次数',
  `status` tinyint NOT NULL DEFAULT '0' COMMENT '?????0=???1=????2=???',
  `created_at` datetime NOT NULL DEFAULT CURRENT_TIMESTAMP COMMENT '????',
  `updated_at` datetime NOT NULL DEFAULT CURRENT_TIMESTAMP ON UPDATE CURRENT_TIMESTAMP COMMENT '????',
  `deleted` tinyint NOT NULL DEFAULT '0' COMMENT '?????0=???1=??',
  PRIMARY KEY (`id`),
  KEY `idx_exam_course` (`course_id`),
  KEY `idx_exam_teacher` (`teacher_id`),
  KEY `idx_exam_time` (`start_time`,`end_time`),
  CONSTRAINT `fk_exam_course` FOREIGN KEY (`course_id`) REFERENCES `tb_course` (`id`) ON DELETE RESTRICT ON UPDATE CASCADE,
  CONSTRAINT `fk_exam_teacher` FOREIGN KEY (`teacher_id`) REFERENCES `tb_user` (`id`) ON DELETE RESTRICT ON UPDATE CASCADE
) ENGINE=InnoDB AUTO_INCREMENT=9504 DEFAULT CHARSET=utf8mb4 COLLATE=utf8mb4_0900_ai_ci COMMENT='???';
/*!40101 SET character_set_client = @saved_cs_client */;

LOCK TABLES `tb_exam` WRITE;
/*!40000 ALTER TABLE `tb_exam` DISABLE KEYS */;
INSERT INTO `tb_exam` VALUES (1,9101,101,'Java Web 阶段测验','覆盖登录、网关、课程和选课接口基础知识。','2026-07-01 09:00:00','2026-12-31 23:59:59',100,60,99,1,'2026-07-14 14:23:40','2026-07-14 16:35:28',0),(2,9102,101,'数据库设计小测','考察核心业务表、索引和逻辑删除设计。','2026-09-02 14:00:00','2026-09-02 15:30:00',100,60,99,1,'2026-07-14 14:23:40','2026-07-14 16:35:28',0),(3,9103,101,'MyBatis Plus 基础测验','核心注解和 CRUD 操作。','2026-09-10 19:00:00','2026-09-10 20:00:00',100,45,99,2,'2026-07-14 14:23:40','2026-07-14 16:35:28',0),(4,9201,103,'Python 数据分析测验','Pandas 和 NumPy 基础。','2026-08-28 10:00:00','2026-08-28 11:30:00',100,60,99,0,'2026-07-14 14:23:40','2026-07-14 16:35:28',0),(5,9104,101,'Spring Boot 微服务期中考试','覆盖 Spring Boot 核心配置、自动装配和微服务基础。','2026-09-15 09:00:00','2026-09-15 10:30:00',100,90,99,1,'2026-07-14 15:16:16','2026-07-14 16:35:28',0),(6,9105,101,'数据结构期中测验','线性表、栈、队列和树的基础知识。','2026-10-10 14:00:00','2026-10-10 15:30:00',100,90,99,1,'2026-07-14 15:16:16','2026-07-14 16:35:28',0),(7,9202,103,'Vue3 基础测验','Vue3 核心语法、组合式 API 和路由基础。','2026-09-20 10:00:00','2026-09-20 11:00:00',100,60,99,1,'2026-07-14 15:16:16','2026-07-14 16:35:28',0),(8,9203,103,'人工智能基础测验','AI 发展史、机器学习和深度学习入门。','2026-10-05 14:00:00','2026-10-05 15:00:00',100,60,99,1,'2026-07-14 15:16:16','2026-07-14 16:35:28',0),(9,9101,101,'1','2','2026-07-01 00:00:00','2026-07-31 00:00:00',100,60,99,1,'2026-07-14 15:44:39','2026-07-14 16:35:28',1),(10,9101,101,'3','4','2026-07-01 00:00:00','2026-07-31 00:00:00',100,60,99,1,'2026-07-14 15:47:26','2026-07-14 16:35:28',1),(11,9101,101,'3','4','2026-07-01 00:00:00','2026-07-31 00:00:00',100,60,99,1,'2026-07-14 16:05:00','2026-07-14 16:35:28',1),(12,9101,101,'1','2','2026-07-01 00:00:00','2026-07-31 00:00:00',100,60,99,1,'2026-07-14 16:08:47','2026-07-14 16:35:28',1),(13,9101,101,'java考试','1','2026-07-01 00:00:00','2026-07-31 00:00:00',20,60,99,1,'2026-07-14 16:19:43','2026-07-14 16:35:28',0),(14,9101,101,'1','2','2026-07-01 00:00:00','2026-07-24 00:00:00',10,60,99,1,'2026-07-14 16:27:54','2026-07-14 16:35:28',0),(15,9101,101,'5','6','2026-07-14 00:00:00','2026-06-09 00:00:00',20,60,1,1,'2026-07-14 16:43:54','2026-07-14 16:45:18',1),(16,9101,1000,'Java Web 阶段测验','覆盖登录、网关、课程和选课接口基础知识。','2026-08-30 09:00:00','2026-08-30 11:00:00',100,60,1,1,'2026-07-18 11:47:25','2026-07-18 11:47:25',0),(17,9102,1000,'数据库设计小测','考察核心业务表、索引和逻辑删除设计。','2026-09-02 14:00:00','2026-09-02 15:30:00',100,60,1,0,'2026-07-18 11:47:25','2026-07-18 11:47:25',0),(18,9103,1000,'MyBatis Plus 基础测验','核心注解和 CRUD 操作。','2026-09-10 19:00:00','2026-09-10 20:00:00',100,60,1,2,'2026-07-18 11:47:25','2026-07-18 11:47:25',0),(19,9201,1001,'Python 数据分析测验','Pandas 和 NumPy 基础。','2026-08-28 10:00:00','2026-08-28 11:30:00',100,60,1,0,'2026-07-18 11:47:25','2026-07-18 11:47:25',0),(9501,9101,9002,'Java Web 阶段测验','覆盖登录、网关、课程和选课接口基础知识。','2026-07-30 09:00:00','2026-07-30 11:00:00',100,60,1,1,'2026-07-18 11:47:37','2026-07-18 11:47:37',0),(9502,9102,9002,'数据库设计小测','考察核心业务表、索引和逻辑删除设计。','2026-08-02 14:00:00','2026-08-02 15:30:00',100,60,1,0,'2026-07-18 11:47:37','2026-07-18 11:47:37',0),(9503,9103,9003,'Vue3 组件化测验','考察路由、状态管理和组件拆分。','2026-07-19 19:00:00','2026-07-19 20:00:00',100,60,1,2,'2026-07-18 11:47:37','2026-07-18 11:47:37',0);
/*!40000 ALTER TABLE `tb_exam` ENABLE KEYS */;
UNLOCK TABLES;
DROP TABLE IF EXISTS `tb_exam_attempt`;
/*!40101 SET @saved_cs_client     = @@character_set_client */;
/*!50503 SET character_set_client = utf8mb4 */;
CREATE TABLE `tb_exam_attempt` (
  `id` bigint NOT NULL AUTO_INCREMENT COMMENT '??????ID',
  `exam_id` bigint NOT NULL COMMENT '??ID??? tb_exam.id',
  `student_id` bigint NOT NULL COMMENT '??ID??? tb_user.id',
  `answer_content` longtext COMMENT '???????????????????',
  `status` tinyint NOT NULL DEFAULT '0' COMMENT '?????0=????1=????2=???',
  `score` int DEFAULT NULL COMMENT '????',
  `teacher_comment` text COMMENT '????',
  `started_at` datetime NOT NULL DEFAULT CURRENT_TIMESTAMP COMMENT '??????',
  `submitted_at` datetime DEFAULT NULL COMMENT '????',
  `graded_at` datetime DEFAULT NULL COMMENT '????',
  `created_at` datetime NOT NULL DEFAULT CURRENT_TIMESTAMP COMMENT '????',
  `updated_at` datetime NOT NULL DEFAULT CURRENT_TIMESTAMP ON UPDATE CURRENT_TIMESTAMP COMMENT '????',
  PRIMARY KEY (`id`),
  UNIQUE KEY `uk_exam_attempt_exam_student` (`exam_id`,`student_id`),
  KEY `idx_exam_attempt_student` (`student_id`),
  KEY `idx_exam_attempt_status` (`exam_id`,`status`),
  CONSTRAINT `fk_exam_attempt_exam` FOREIGN KEY (`exam_id`) REFERENCES `tb_exam` (`id`) ON DELETE RESTRICT ON UPDATE CASCADE,
  CONSTRAINT `fk_exam_attempt_student` FOREIGN KEY (`student_id`) REFERENCES `tb_user` (`id`) ON DELETE RESTRICT ON UPDATE CASCADE
) ENGINE=InnoDB AUTO_INCREMENT=36 DEFAULT CHARSET=utf8mb4 COLLATE=utf8mb4_0900_ai_ci COMMENT='?????????';
/*!40101 SET character_set_client = @saved_cs_client */;

LOCK TABLES `tb_exam_attempt` WRITE;
/*!40000 ALTER TABLE `tb_exam_attempt` DISABLE KEYS */;
INSERT INTO `tb_exam_attempt` VALUES (1,1,201,'[{\"questionId\":1,\"type\":0,\"answer\":\"D\"},{\"questionId\":2,\"type\":0,\"answer\":\"D\"},{\"questionId\":3,\"type\":0,\"answer\":\"D\"},{\"questionId\":4,\"type\":0,\"answer\":\"D\"},{\"questionId\":5,\"type\":1,\"answer\":\"1\"},{\"questionId\":6,\"type\":1,\"answer\":\"1\"}]',1,NULL,NULL,'2026-07-14 15:23:00','2026-07-14 15:24:07',NULL,'2026-07-14 15:23:00','2026-07-14 15:24:07'),(2,9,201,'[]',2,0,NULL,'2026-07-14 15:45:10','2026-07-14 15:45:14','2026-07-14 15:45:14','2026-07-14 15:45:10','2026-07-14 15:45:14'),(3,10,201,'[]',2,0,NULL,'2026-07-14 15:47:51','2026-07-14 15:47:53','2026-07-14 15:47:53','2026-07-14 15:47:51','2026-07-14 15:47:53'),(4,13,201,'[{\"questionId\":64,\"type\":0,\"answer\":\"A\"},{\"questionId\":65,\"type\":1,\"answer\":\"2\"}]',2,0,NULL,'2026-07-14 16:20:09','2026-07-14 16:38:28','2026-07-14 16:38:28','2026-07-14 16:20:09','2026-07-14 16:38:28'),(5,14,201,'[{\"questionId\":66,\"type\":0,\"answer\":\"A\"}]',2,10,NULL,'2026-07-14 16:28:05','2026-07-14 16:28:08','2026-07-14 16:28:08','2026-07-14 16:28:05','2026-07-14 16:28:08');
/*!40000 ALTER TABLE `tb_exam_attempt` ENABLE KEYS */;
UNLOCK TABLES;
DROP TABLE IF EXISTS `tb_grade_component`;
/*!40101 SET @saved_cs_client     = @@character_set_client */;
/*!50503 SET character_set_client = utf8mb4 */;
CREATE TABLE `tb_grade_component` (
  `id` bigint NOT NULL AUTO_INCREMENT COMMENT '成绩组成项ID',
  `course_id` bigint NOT NULL COMMENT '课程ID，对应 tb_course.id',
  `name` varchar(50) NOT NULL COMMENT '组成项名称，如 平时作业、期中考试、期末考试',
  `weight` decimal(5,4) NOT NULL COMMENT '权重，如 0.3000 表示 30%',
  `max_score` smallint DEFAULT NULL COMMENT '满分',
  `sort_order` int DEFAULT '0' COMMENT '排序',
  `created_at` datetime NOT NULL DEFAULT CURRENT_TIMESTAMP COMMENT '创建时间',
  `updated_at` datetime NOT NULL DEFAULT CURRENT_TIMESTAMP ON UPDATE CURRENT_TIMESTAMP COMMENT '更新时间',
  PRIMARY KEY (`id`),
  KEY `idx_grade_component_course` (`course_id`),
  KEY `idx_grade_component_sort` (`course_id`,`sort_order`),
  CONSTRAINT `fk_grade_component_course` FOREIGN KEY (`course_id`) REFERENCES `tb_course` (`id`) ON DELETE RESTRICT ON UPDATE CASCADE
) ENGINE=InnoDB AUTO_INCREMENT=15 DEFAULT CHARSET=utf8mb4 COLLATE=utf8mb4_0900_ai_ci COMMENT='成绩组成项表';
/*!40101 SET character_set_client = @saved_cs_client */;

LOCK TABLES `tb_grade_component` WRITE;
/*!40000 ALTER TABLE `tb_grade_component` DISABLE KEYS */;
INSERT INTO `tb_grade_component` VALUES (1,9101,'平时作业',0.3000,100,1,'2026-07-18 11:47:12','2026-07-18 11:47:12'),(2,9101,'期中考试',0.3000,100,2,'2026-07-18 11:47:12','2026-07-18 11:47:12'),(3,9101,'期末考试',0.4000,100,3,'2026-07-18 11:47:12','2026-07-18 11:47:12'),(4,9105,'平时作业',0.2000,100,1,'2026-07-18 11:47:12','2026-07-18 11:47:12'),(5,9105,'实验报告',0.2000,100,2,'2026-07-18 11:47:12','2026-07-18 11:47:12'),(6,9105,'期中考试',0.2000,100,3,'2026-07-18 11:47:12','2026-07-18 11:47:12'),(7,9105,'期末考试',0.4000,100,4,'2026-07-18 11:47:12','2026-07-18 11:47:12'),(8,9201,'平时作业',0.4000,100,1,'2026-07-18 11:47:12','2026-07-18 11:47:12'),(9,9201,'期末考试',0.6000,100,2,'2026-07-18 11:47:12','2026-07-18 11:47:12'),(10,9301,'课堂参与',0.3000,100,1,'2026-07-18 11:47:12','2026-07-18 11:47:12'),(11,9301,'课程论文',0.7000,100,2,'2026-07-18 11:47:12','2026-07-18 11:47:12'),(12,9405,'中期检查',0.3000,100,1,'2026-07-18 11:47:12','2026-07-18 11:47:12'),(13,9405,'论文评阅',0.2000,100,2,'2026-07-18 11:47:12','2026-07-18 11:47:12'),(14,9405,'答辩成绩',0.5000,100,3,'2026-07-18 11:47:12','2026-07-18 11:47:12');
/*!40000 ALTER TABLE `tb_grade_component` ENABLE KEYS */;
UNLOCK TABLES;
DROP TABLE IF EXISTS `tb_question`;
/*!40101 SET @saved_cs_client     = @@character_set_client */;
/*!50503 SET character_set_client = utf8mb4 */;
CREATE TABLE `tb_question` (
  `id` bigint NOT NULL AUTO_INCREMENT,
  `exam_id` bigint NOT NULL,
  `type` tinyint NOT NULL COMMENT '0=选择题 1=填空题',
  `title` text NOT NULL COMMENT '题目内容',
  `options` text COMMENT '选择题选项(JSON数组)',
  `answer` text COMMENT '正确答案',
  `score` int NOT NULL DEFAULT '10',
  `sort_order` int NOT NULL DEFAULT '0',
  `created_at` datetime DEFAULT CURRENT_TIMESTAMP,
  `updated_at` datetime DEFAULT CURRENT_TIMESTAMP ON UPDATE CURRENT_TIMESTAMP,
  PRIMARY KEY (`id`),
  KEY `idx_exam_id` (`exam_id`)
) ENGINE=InnoDB AUTO_INCREMENT=70 DEFAULT CHARSET=utf8mb4 COLLATE=utf8mb4_0900_ai_ci COMMENT='题目表';
/*!40101 SET character_set_client = @saved_cs_client */;

LOCK TABLES `tb_question` WRITE;
/*!40000 ALTER TABLE `tb_question` DISABLE KEYS */;
INSERT INTO `tb_question` VALUES (1,1,0,'Spring Boot 中，以下哪个注解用于启动自动配置？','[\"@EnableAutoConfiguration\",\"@SpringBootApplication\",\"@Configuration\",\"@ComponentScan\"]','B',10,1,'2026-07-14 14:54:52','2026-07-14 14:54:52'),(2,1,0,'HTTP 状态码 401 表示什么？','[\"服务器内部错误\",\"资源未找到\",\"未授权（需要身份验证）\",\"请求超时\"]','C',10,2,'2026-07-14 14:54:52','2026-07-14 14:54:52'),(3,1,0,'以下哪个是 MyBatis Plus 的核心功能？','[\"自动建表\",\"代码生成器\",\"分布式事务\",\"服务网格\"]','B',10,3,'2026-07-14 14:54:52','2026-07-14 14:54:52'),(4,1,0,'JWT 中 Token 通常存放在 HTTP 请求的哪个头部？','[\"Authorization\",\"Content-Type\",\"Accept\",\"Cookie\"]','A',10,4,'2026-07-14 14:54:52','2026-07-14 14:54:52'),(5,1,1,'Spring Boot 默认内嵌的 Web 服务器是 ______。',NULL,'Tomcat',10,5,'2026-07-14 14:54:52','2026-07-14 14:54:52'),(6,1,1,'MyBatis Plus 中，逻辑删除的全局配置属性是 ______。',NULL,'logic-delete-field',10,6,'2026-07-14 14:54:52','2026-07-14 14:54:52'),(7,3,0,'MyBatis Plus 中，以下哪个注解用于标识主键？','[\"@TableId\",\"@TableField\",\"@TableName\",\"@Key\"]','A',20,1,'2026-07-14 14:54:52','2026-07-14 14:54:52'),(8,3,0,'BaseMapper 接口中，用于根据 ID 查询的方法是？','[\"selectOne\",\"selectById\",\"getById\",\"findById\"]','B',20,2,'2026-07-14 14:54:52','2026-07-14 14:54:52'),(9,3,0,'MyBatis Plus 的条件构造器类是？','[\"QueryWrapper\",\"ConditionBuilder\",\"SqlBuilder\",\"CriteriaQuery\"]','A',20,3,'2026-07-14 14:54:52','2026-07-14 14:54:52'),(10,3,0,'以下哪个 MyBatis Plus 功能可以实现自动填充时间字段？','[\"MetaObjectHandler\",\"TimeHandler\",\"FieldFill\",\"AutoDate\"]','A',20,4,'2026-07-14 14:54:52','2026-07-14 14:54:52'),(11,3,0,'MyBatis Plus 的分页插件是？','[\"PaginationInterceptor\",\"PageHelper\",\"MyBatisPage\",\"DataPager\"]','A',20,5,'2026-07-14 14:54:52','2026-07-14 14:54:52'),(12,4,0,'Pandas 中，读取 CSV 文件的函数是？','[\"read_excel\",\"read_csv\",\"load_csv\",\"import_csv\"]','B',12,1,'2026-07-14 14:54:52','2026-07-14 14:54:52'),(13,4,0,'NumPy 中，创建全零数组的函数是？','[\"ones\",\"zeros\",\"empty\",\"full\"]','B',12,2,'2026-07-14 14:54:52','2026-07-14 14:54:52'),(14,4,0,'Pandas 中，用于删除缺失值的函数是？','[\"fillna\",\"dropna\",\"remove_na\",\"delete_na\"]','B',12,3,'2026-07-14 14:54:52','2026-07-14 14:54:52'),(15,4,0,'以下哪个库主要用于数据可视化？','[\"Pandas\",\"NumPy\",\"Matplotlib\",\"Scipy\"]','C',12,4,'2026-07-14 14:54:52','2026-07-14 14:54:52'),(16,4,1,'Pandas 中，按列筛选的语法是 df[______]？',NULL,'列名',12,5,'2026-07-14 14:54:52','2026-07-14 14:54:52'),(17,4,1,'NumPy 数组的维度属性是 ______。',NULL,'shape',12,6,'2026-07-14 14:54:52','2026-07-14 14:54:52'),(18,4,1,'Pandas 中，分组聚合的函数是 ______。',NULL,'groupby',14,7,'2026-07-14 14:54:52','2026-07-14 14:54:52'),(19,4,1,'Matplotlib 中，显示图形的函数是 plt.______()。',NULL,'show',14,8,'2026-07-14 14:54:52','2026-07-14 14:54:52'),(20,2,0,'数据库设计中，以下哪个是逻辑设计的产物？','[\"E-R图\",\"关系模式\",\"物理存储结构\",\"索引文件\"]','B',20,1,'2026-07-14 15:16:16','2026-07-14 15:16:16'),(21,2,0,'MySQL 中，以下哪个存储引擎支持事务？','[\"MyISAM\",\"InnoDB\",\"Memory\",\"Archive\"]','B',20,2,'2026-07-14 15:16:16','2026-07-14 15:16:16'),(22,2,0,'以下哪个是索引的类型？','[\"B+树索引\",\"链表索引\",\"栈索引\",\"队列索引\"]','A',20,3,'2026-07-14 15:16:16','2026-07-14 15:16:16'),(23,2,1,'数据库事务的四个特性简称 ______。',NULL,'ACID',20,4,'2026-07-14 15:16:16','2026-07-14 15:16:16'),(24,2,1,'MyBatis Plus 中，逻辑删除的字段值 1 表示 ______。',NULL,'已删除',20,5,'2026-07-14 15:16:16','2026-07-14 15:16:16'),(25,5,0,'Spring Boot 的默认配置文件是？','[\"application.properties\",\"spring.xml\",\"web.xml\",\"config.yml\"]','A',10,1,'2026-07-14 15:16:16','2026-07-14 15:16:16'),(26,5,0,'以下哪个注解用于将类标记为配置类？','[\"@Component\",\"@Service\",\"@Configuration\",\"@Bean\"]','C',10,2,'2026-07-14 15:16:16','2026-07-14 15:16:16'),(27,5,0,'Spring Boot 内嵌的 Tomcat 默认端口是？','[\"8080\",\"80\",\"8443\",\"9090\"]','A',10,3,'2026-07-14 15:16:16','2026-07-14 15:16:16'),(28,5,0,'Actuator 的健康检查端点路径是？','[\"/health\",\"/info\",\"/metrics\",\"/status\"]','A',10,4,'2026-07-14 15:16:16','2026-07-14 15:16:16'),(29,5,0,'以下哪个是 Spring Cloud 的服务注册中心？','[\"Nacos\",\"Redis\",\"RabbitMQ\",\"Elasticsearch\"]','A',10,5,'2026-07-14 15:16:16','2026-07-14 15:16:16'),(30,5,1,'Spring Boot 中，读取配置文件的注解是 @______。',NULL,'Value',10,6,'2026-07-14 15:16:16','2026-07-14 15:16:16'),(31,5,1,'Spring Boot 的自动配置核心注解是 @______。',NULL,'EnableAutoConfiguration',10,7,'2026-07-14 15:16:16','2026-07-14 15:16:16'),(32,5,1,'将 Spring Boot 应用打包成可执行 JAR 的插件是 ______。',NULL,'spring-boot-maven-plugin',10,8,'2026-07-14 15:16:16','2026-07-14 15:16:16'),(33,5,1,'微服务架构中，API 网关常用的功能是 ______ 和路由。',NULL,'负载均衡',10,9,'2026-07-14 15:16:16','2026-07-14 15:16:16'),(34,5,1,'Spring Cloud 中，负载均衡的客户端是 ______。',NULL,'Ribbon',10,10,'2026-07-14 15:16:16','2026-07-14 15:16:16'),(35,6,0,'栈的运算特点是？','[\"先进先出\",\"先进后出\",\"随机访问\",\"双端进出\"]','B',10,1,'2026-07-14 15:16:16','2026-07-14 15:16:16'),(36,6,0,'以下哪种数据结构适合实现广度优先搜索？','[\"栈\",\"队列\",\"数组\",\"链表\"]','B',10,2,'2026-07-14 15:16:16','2026-07-14 15:16:16'),(37,6,0,'二叉树中，度为 2 的节点数比叶子节点数少？','[\"0\",\"1\",\"2\",\"不确定\"]','B',10,3,'2026-07-14 15:16:16','2026-07-14 15:16:16'),(38,6,0,'快速排序的平均时间复杂度是？','[\"O(n)\",\"O(nlogn)\",\"O(n²)\",\"O(logn)\"]','B',10,4,'2026-07-14 15:16:16','2026-07-14 15:16:16'),(39,6,0,'哈希表解决冲突的方法不包括？','[\"链地址法\",\"开放地址法\",\"再哈希法\",\"冒泡法\"]','D',10,5,'2026-07-14 15:16:16','2026-07-14 15:16:16'),(40,6,1,'线性表的顺序存储结构称为 ______。',NULL,'顺序表',10,6,'2026-07-14 15:16:16','2026-07-14 15:16:16'),(41,6,1,'完全二叉树可以用 ______ 存储结构实现。',NULL,'顺序',10,7,'2026-07-14 15:16:16','2026-07-14 15:16:16'),(42,6,1,'图的深度优先遍历使用的辅助数据结构是 ______。',NULL,'栈',10,8,'2026-07-14 15:16:16','2026-07-14 15:16:16'),(43,6,1,'折半查找要求线性表必须采用 ______ 存储结构。',NULL,'顺序',10,9,'2026-07-14 15:16:16','2026-07-14 15:16:16'),(44,6,1,'最小生成树的经典算法有 Prim 和 ______。',NULL,'Kruskal',10,10,'2026-07-14 15:16:16','2026-07-14 15:16:16'),(45,7,0,'Vue3 中，以下哪个是组合式 API 的入口函数？','[\"setup\",\"data\",\"created\",\"mounted\"]','A',10,1,'2026-07-14 15:16:16','2026-07-14 15:16:16'),(46,7,0,'Vue3 中，创建响应式变量的函数是？','[\"ref\",\"reactive\",\"computed\",\"watch\"]','A',10,2,'2026-07-14 15:16:16','2026-07-14 15:16:16'),(47,7,0,'Vue Router 中，用于导航到新路径的方法是？','[\"push\",\"go\",\"link\",\"navigate\"]','A',10,3,'2026-07-14 15:16:16','2026-07-14 15:16:16'),(48,7,0,'以下哪个是 Vue3 的状态管理库？','[\"Pinia\",\"Vuex\",\"Redux\",\"MobX\"]','A',10,4,'2026-07-14 15:16:16','2026-07-14 15:16:16'),(49,7,0,'Vue3 中，侦听器函数是？','[\"watch\",\"watchEffect\",\"computed\",\"onMounted\"]','A',10,5,'2026-07-14 15:16:16','2026-07-14 15:16:16'),(50,7,1,'Vue3 中，模板循环渲染的指令是 v-______。',NULL,'for',10,6,'2026-07-14 15:16:16','2026-07-14 15:16:16'),(51,7,1,'Vue3 组件间传递数据使用 ______。',NULL,'props',10,7,'2026-07-14 15:16:16','2026-07-14 15:16:16'),(52,7,1,'Vue3 中，获取 DOM 元素的特殊属性是 ref 和 ______。',NULL,'template ref',8,8,'2026-07-14 15:16:16','2026-07-14 15:16:16'),(53,7,1,'Vite 的开发服务器默认端口是 ______。',NULL,'5173',8,9,'2026-07-14 15:16:16','2026-07-14 15:16:16'),(54,7,1,'Element Plus 的表格组件是 el-______。',NULL,'table',12,10,'2026-07-14 15:16:16','2026-07-14 15:16:16'),(55,8,0,'以下哪个是监督学习的典型任务？','[\"分类\",\"聚类\",\"降维\",\"关联规则\"]','A',12,1,'2026-07-14 15:16:16','2026-07-14 15:16:16'),(56,8,0,'线性回归的损失函数通常使用？','[\"均方误差\",\"交叉熵\",\"Hinge损失\",\"余弦相似度\"]','A',12,2,'2026-07-14 15:16:16','2026-07-14 15:16:16'),(57,8,0,'以下哪个算法是集成学习方法？','[\"随机森林\",\"KNN\",\"K-Means\",\"PCA\"]','A',12,3,'2026-07-14 15:16:16','2026-07-14 15:16:16'),(58,8,0,'神经网络的激活函数中，哪个可以将输出压缩到 (0,1)？','[\"Sigmoid\",\"ReLU\",\"Tanh\",\"Leaky ReLU\"]','A',12,4,'2026-07-14 15:16:16','2026-07-14 15:16:16'),(59,8,0,'以下哪个是无监督学习算法？','[\"K-Means\",\"线性回归\",\"逻辑回归\",\"支持向量机\"]','A',12,5,'2026-07-14 15:16:16','2026-07-14 15:16:16'),(60,8,1,'机器学习中，防止过拟合的技术称为 ______。',NULL,'正则化',10,6,'2026-07-14 15:16:16','2026-07-14 15:16:16'),(61,8,1,'决策树中衡量不纯度的指标有信息增益和 ______。',NULL,'基尼指数',10,7,'2026-07-14 15:16:16','2026-07-14 15:16:16'),(62,8,1,'CNN 中用于缩小特征图尺寸的操作是 ______。',NULL,'池化',10,8,'2026-07-14 15:16:16','2026-07-14 15:16:16'),(63,8,1,'RNN 主要用于处理 ______ 数据。',NULL,'序列',10,9,'2026-07-14 15:16:16','2026-07-14 15:16:16'),(64,13,0,'1','[\"2\",\"3\",\"4\",\"5\"]','D',10,1,'2026-07-14 16:19:43','2026-07-14 16:19:43'),(65,13,1,'2',NULL,'3',10,2,'2026-07-14 16:19:43','2026-07-14 16:19:43'),(67,15,0,'以下哪个是面向对象的三大特性之一？','[\"封装\",\"继承\",\"多态\",\"以上都是\"]','D',10,1,'2026-07-14 16:43:54','2026-07-14 16:43:54'),(68,15,0,'HTTP 状态码 200 表示什么？','[\"请求成功\",\"重定向\",\"客户端错误\",\"服务器错误\"]','A',10,2,'2026-07-14 16:43:54','2026-07-14 16:43:54'),(69,14,0,'Spring Boot 的默认配置文件格式是？','[\"properties\",\"yml\",\"xml\",\"json\"]','A',10,1,'2026-07-14 16:50:21','2026-07-14 16:50:21');
/*!40000 ALTER TABLE `tb_question` ENABLE KEYS */;
UNLOCK TABLES;
DROP TABLE IF EXISTS `tb_student_grade`;
/*!40101 SET @saved_cs_client     = @@character_set_client */;
/*!50503 SET character_set_client = utf8mb4 */;
CREATE TABLE `tb_student_grade` (
  `id` bigint NOT NULL AUTO_INCREMENT COMMENT '学生成绩明细ID',
  `enrollment_id` bigint NOT NULL COMMENT '选课记录ID，对应 tb_enrollment.id',
  `component_id` bigint NOT NULL COMMENT '成绩组成项ID，对应 tb_grade_component.id',
  `score` decimal(6,2) DEFAULT NULL COMMENT '得分',
  `created_at` datetime NOT NULL DEFAULT CURRENT_TIMESTAMP COMMENT '创建时间',
  `updated_at` datetime NOT NULL DEFAULT CURRENT_TIMESTAMP ON UPDATE CURRENT_TIMESTAMP COMMENT '更新时间',
  PRIMARY KEY (`id`),
  UNIQUE KEY `uk_student_grade` (`enrollment_id`,`component_id`),
  KEY `idx_student_grade_enrollment` (`enrollment_id`),
  KEY `idx_student_grade_component` (`component_id`),
  CONSTRAINT `fk_student_grade_component` FOREIGN KEY (`component_id`) REFERENCES `tb_grade_component` (`id`) ON DELETE RESTRICT ON UPDATE CASCADE,
  CONSTRAINT `fk_student_grade_enrollment` FOREIGN KEY (`enrollment_id`) REFERENCES `tb_enrollment` (`id`) ON DELETE RESTRICT ON UPDATE CASCADE
) ENGINE=InnoDB DEFAULT CHARSET=utf8mb4 COLLATE=utf8mb4_0900_ai_ci COMMENT='学生成绩明细表';
/*!40101 SET character_set_client = @saved_cs_client */;

LOCK TABLES `tb_student_grade` WRITE;
/*!40000 ALTER TABLE `tb_student_grade` DISABLE KEYS */;
/*!40000 ALTER TABLE `tb_student_grade` ENABLE KEYS */;
UNLOCK TABLES;
DROP TABLE IF EXISTS `tb_student_profile`;
/*!40101 SET @saved_cs_client     = @@character_set_client */;
/*!50503 SET character_set_client = utf8mb4 */;
CREATE TABLE `tb_student_profile` (
  `user_id` bigint NOT NULL COMMENT '??ID??? tb_user.id',
  `student_no` varchar(32) NOT NULL COMMENT '??',
  `real_name` varchar(50) NOT NULL COMMENT '????',
  `college` varchar(100) DEFAULT NULL COMMENT '??',
  `major` varchar(100) DEFAULT NULL COMMENT '??',
  `class_name` varchar(100) DEFAULT NULL COMMENT '??',
  `grade` varchar(20) DEFAULT NULL COMMENT '??',
  `enrollment_year` smallint DEFAULT NULL COMMENT '????',
  `created_at` datetime NOT NULL DEFAULT CURRENT_TIMESTAMP COMMENT '????',
  `updated_at` datetime NOT NULL DEFAULT CURRENT_TIMESTAMP ON UPDATE CURRENT_TIMESTAMP COMMENT '????',
  PRIMARY KEY (`user_id`),
  UNIQUE KEY `uk_student_profile_student_no` (`student_no`),
  CONSTRAINT `fk_student_profile_user` FOREIGN KEY (`user_id`) REFERENCES `tb_user` (`id`) ON DELETE RESTRICT ON UPDATE CASCADE
) ENGINE=InnoDB DEFAULT CHARSET=utf8mb4 COLLATE=utf8mb4_0900_ai_ci COMMENT='?????';
/*!40101 SET character_set_client = @saved_cs_client */;

LOCK TABLES `tb_student_profile` WRITE;
/*!40000 ALTER TABLE `tb_student_profile` DISABLE KEYS */;
INSERT INTO `tb_student_profile` VALUES (201,'2023001','张同学','计算机科学与技术学院','计算机科学与技术','计科2301班','2023',2023,'2026-07-14 14:23:40','2026-07-14 14:23:40'),(202,'2023002','李同学','计算机科学与技术学院','软件工程','软工2301班','2023',2023,'2026-07-14 14:23:40','2026-07-14 14:23:40'),(203,'2023003','王同学','软件工程系','软件工程','软工2302班','2023',2023,'2026-07-14 14:23:40','2026-07-14 14:23:40'),(204,'2023004','赵同学','人工智能学院','人工智能','AI2301班','2023',2023,'2026-07-14 14:23:40','2026-07-14 14:23:40'),(205,'2023005','刘同学','计算机科学与技术学院','计算机科学与技术','计科2302班','2023',2023,'2026-07-14 14:23:40','2026-07-14 14:23:40'),(206,'2023006','陈同学','软件工程系','软件工程','软工2303班','2023',2023,'2026-07-14 14:23:40','2026-07-14 14:23:40'),(207,'2023007','杨同学','人工智能学院','数据科学','数科2301班','2023',2023,'2026-07-14 14:23:40','2026-07-14 14:23:40'),(208,'2023008','黄同学','计算机科学与技术学院','计算机科学与技术','计科2303班','2023',2023,'2026-07-14 14:23:40','2026-07-14 14:23:40'),(209,'2023009','周同学','软件工程系','软件工程','软工2304班','2023',2023,'2026-07-14 14:23:40','2026-07-14 14:23:40'),(210,'2023010','吴同学','计算机科学与技术学院','网络工程','网工2301班','2023',2023,'2026-07-14 14:23:40','2026-07-14 14:23:40'),(211,'2023011','郑同学','人工智能学院','人工智能','AI2302班','2023',2023,'2026-07-14 14:23:40','2026-07-14 14:23:40'),(212,'2023012','孙同学','计算机科学与技术学院','计算机科学与技术','计科2304班','2023',2023,'2026-07-14 14:23:40','2026-07-14 14:23:40'),(213,'2023013','马同学','软件工程系','软件工程','软工2305班','2023',2023,'2026-07-14 14:23:40','2026-07-14 14:23:40'),(214,'2023014','胡同学','计算机科学与技术学院','信息安全','信安2301班','2023',2023,'2026-07-14 14:23:40','2026-07-14 14:23:40'),(215,'2023015','林同学','软件工程系','软件工程','软工2306班','2023',2023,'2026-07-14 14:23:40','2026-07-14 14:23:40');
/*!40000 ALTER TABLE `tb_student_profile` ENABLE KEYS */;
UNLOCK TABLES;
DROP TABLE IF EXISTS `tb_submission`;
/*!40101 SET @saved_cs_client     = @@character_set_client */;
/*!50503 SET character_set_client = utf8mb4 */;
CREATE TABLE `tb_submission` (
  `id` bigint NOT NULL AUTO_INCREMENT COMMENT '????ID',
  `assignment_id` bigint NOT NULL COMMENT '??ID??? tb_assignment.id',
  `student_id` bigint NOT NULL COMMENT '??ID??? tb_user.id',
  `content` text NOT NULL COMMENT '????',
  `attachment_url` varchar(255) DEFAULT NULL COMMENT '????',
  `status` tinyint NOT NULL DEFAULT '1',
  `grading_status` tinyint NOT NULL DEFAULT '0',
  `score` int DEFAULT NULL COMMENT '??',
  `teacher_comment` text COMMENT '????',
  `ai_comment` text COMMENT 'AI????',
  `submitted_at` datetime NOT NULL DEFAULT CURRENT_TIMESTAMP COMMENT '????',
  `graded_at` datetime DEFAULT NULL COMMENT '????',
  `created_at` datetime NOT NULL DEFAULT CURRENT_TIMESTAMP COMMENT '????',
  `updated_at` datetime NOT NULL DEFAULT CURRENT_TIMESTAMP ON UPDATE CURRENT_TIMESTAMP COMMENT '????',
  PRIMARY KEY (`id`),
  UNIQUE KEY `uk_submission_assignment_student` (`assignment_id`,`student_id`),
  KEY `idx_submission_student` (`student_id`),
  KEY `idx_submission_score` (`score`),
  CONSTRAINT `fk_submission_assignment` FOREIGN KEY (`assignment_id`) REFERENCES `tb_assignment` (`id`) ON DELETE RESTRICT ON UPDATE CASCADE,
  CONSTRAINT `fk_submission_student` FOREIGN KEY (`student_id`) REFERENCES `tb_user` (`id`) ON DELETE RESTRICT ON UPDATE CASCADE
) ENGINE=InnoDB AUTO_INCREMENT=9404 DEFAULT CHARSET=utf8mb4 COLLATE=utf8mb4_0900_ai_ci COMMENT='?????';
/*!40101 SET character_set_client = @saved_cs_client */;

LOCK TABLES `tb_submission` WRITE;
/*!40000 ALTER TABLE `tb_submission` DISABLE KEYS */;
INSERT INTO `tb_submission` VALUES (1,1,201,'已完成登录接口联调，附 curl 命令和截图说明。',NULL,1,1,92,'接口调用完整，异常场景可以再补充。','AI 建议：增加 Token 过期场景测试。','2026-08-10 20:30:00','2026-08-11 09:00:00','2026-07-14 14:23:40','2026-07-15 10:19:41'),(2,1,202,'完成了登录、获取当前用户和权限错误测试。',NULL,1,1,88,'整体完成度较好，文档说明略少。',NULL,'2026-08-10 21:10:00','2026-08-11 09:20:00','2026-07-14 14:23:40','2026-07-15 10:19:41'),(3,3,201,'梳理了 TableName、TableId、TableLogic 的使用方式。',NULL,1,0,NULL,NULL,NULL,'2026-08-12 18:00:00',NULL,'2026-07-14 14:23:40','2026-07-14 14:23:40'),(4,11,201,'1',NULL,1,0,NULL,NULL,NULL,'2026-07-16 13:47:20',NULL,'2026-07-16 13:47:02','2026-07-16 13:47:20'),(5,10,201,'',NULL,1,0,NULL,NULL,NULL,'2026-07-16 13:50:04',NULL,'2026-07-16 13:47:58','2026-07-16 13:50:04');
/*!40000 ALTER TABLE `tb_submission` ENABLE KEYS */;
UNLOCK TABLES;
DROP TABLE IF EXISTS `tb_submission_attachment`;
/*!40101 SET @saved_cs_client     = @@character_set_client */;
/*!50503 SET character_set_client = utf8mb4 */;
CREATE TABLE `tb_submission_attachment` (
  `id` bigint NOT NULL AUTO_INCREMENT,
  `submission_id` bigint NOT NULL,
  `original_name` varchar(255) NOT NULL,
  `stored_name` varchar(255) NOT NULL,
  `content_type` varchar(100) DEFAULT NULL,
  `file_size` bigint NOT NULL,
  `created_at` datetime NOT NULL DEFAULT CURRENT_TIMESTAMP,
  PRIMARY KEY (`id`),
  KEY `idx_submission_attachment_submission` (`submission_id`)
) ENGINE=InnoDB AUTO_INCREMENT=3 DEFAULT CHARSET=utf8mb4 COLLATE=utf8mb4_0900_ai_ci;
/*!40101 SET character_set_client = @saved_cs_client */;

LOCK TABLES `tb_submission_attachment` WRITE;
/*!40000 ALTER TABLE `tb_submission_attachment` DISABLE KEYS */;
INSERT INTO `tb_submission_attachment` VALUES (1,5,'8010.png','6262a33d-4c6d-4157-b327-9dbbe4f1991d.png','image/png',118599,'2026-07-16 13:50:04'),(2,5,'8010.png','8d03c933-9faf-4d14-8f0f-03c3595dc4e1.png','image/png',118599,'2026-07-16 13:50:04');
/*!40000 ALTER TABLE `tb_submission_attachment` ENABLE KEYS */;
UNLOCK TABLES;
DROP TABLE IF EXISTS `tb_teacher_profile`;
/*!40101 SET @saved_cs_client     = @@character_set_client */;
/*!50503 SET character_set_client = utf8mb4 */;
CREATE TABLE `tb_teacher_profile` (
  `user_id` bigint NOT NULL COMMENT '??ID??? tb_user.id',
  `employee_no` varchar(32) NOT NULL COMMENT '????',
  `real_name` varchar(50) NOT NULL COMMENT '????',
  `college` varchar(100) DEFAULT NULL COMMENT '?????',
  `title` varchar(50) DEFAULT NULL COMMENT '??',
  `created_at` datetime NOT NULL DEFAULT CURRENT_TIMESTAMP COMMENT '????',
  `updated_at` datetime NOT NULL DEFAULT CURRENT_TIMESTAMP ON UPDATE CURRENT_TIMESTAMP COMMENT '????',
  PRIMARY KEY (`user_id`),
  UNIQUE KEY `uk_teacher_profile_employee_no` (`employee_no`),
  CONSTRAINT `fk_teacher_profile_user` FOREIGN KEY (`user_id`) REFERENCES `tb_user` (`id`) ON DELETE RESTRICT ON UPDATE CASCADE
) ENGINE=InnoDB DEFAULT CHARSET=utf8mb4 COLLATE=utf8mb4_0900_ai_ci COMMENT='?????';
/*!40101 SET character_set_client = @saved_cs_client */;

LOCK TABLES `tb_teacher_profile` WRITE;
/*!40000 ALTER TABLE `tb_teacher_profile` DISABLE KEYS */;
INSERT INTO `tb_teacher_profile` VALUES (101,'T0101','张老师','计算机科学与技术学院',NULL,'2026-07-14 14:23:40','2026-07-14 14:23:40'),(102,'T0102','李老师','软件工程系',NULL,'2026-07-14 14:23:40','2026-07-14 14:23:40'),(103,'T0103','王老师','人工智能学院',NULL,'2026-07-14 14:23:40','2026-07-14 14:23:40'),(104,'T0104','赵老师','计算机科学与技术学院',NULL,'2026-07-14 14:23:40','2026-07-14 14:23:40'),(105,'T0105','刘老师','软件工程系',NULL,'2026-07-14 14:23:40','2026-07-14 14:23:40'),(106,'T0106','陈老师','外国语学院',NULL,'2026-07-14 14:23:40','2026-07-14 14:23:40'),(1000,'T1000','张教授','??????????',NULL,'2026-07-14 14:22:58','2026-07-14 14:24:27'),(1001,'T1001','李教授','?????',NULL,'2026-07-14 14:22:58','2026-07-14 14:24:27');
/*!40000 ALTER TABLE `tb_teacher_profile` ENABLE KEYS */;
UNLOCK TABLES;
DROP TABLE IF EXISTS `tb_user`;
/*!40101 SET @saved_cs_client     = @@character_set_client */;
/*!50503 SET character_set_client = utf8mb4 */;
CREATE TABLE `tb_user` (
  `id` bigint NOT NULL AUTO_INCREMENT COMMENT '??ID',
  `username` varchar(50) NOT NULL COMMENT '?????',
  `password_hash` varchar(100) NOT NULL COMMENT '????',
  `nickname` varchar(50) NOT NULL COMMENT '????',
  `role` tinyint NOT NULL COMMENT '1=STUDENT, 2=TEACHER, 3=ADMIN',
  `email` varchar(100) DEFAULT NULL COMMENT '邮箱',
  `phone` varchar(20) DEFAULT NULL COMMENT '手机号',
  `avatar_url` varchar(500) DEFAULT NULL COMMENT '头像地址',
  `created_at` datetime NOT NULL DEFAULT CURRENT_TIMESTAMP COMMENT '????',
  `updated_at` datetime NOT NULL DEFAULT CURRENT_TIMESTAMP ON UPDATE CURRENT_TIMESTAMP COMMENT '????',
  `deleted` tinyint NOT NULL DEFAULT '0' COMMENT '?????0=???1=??',
  PRIMARY KEY (`id`),
  UNIQUE KEY `uk_user_username_deleted` (`username`,`deleted`),
  KEY `idx_user_role` (`role`)
) ENGINE=InnoDB AUTO_INCREMENT=9014 DEFAULT CHARSET=utf8mb4 COLLATE=utf8mb4_0900_ai_ci COMMENT='???';
/*!40101 SET character_set_client = @saved_cs_client */;

LOCK TABLES `tb_user` WRITE;
/*!40000 ALTER TABLE `tb_user` DISABLE KEYS */;
INSERT INTO `tb_user` VALUES (1,'admin','$2a$10$E9hyYoDLI.aomyi4RWQgk.kRAEKhW3WnjCY8KLOqUkMTtUDw4G.H.','系统管理员',3,'admin@edu.com','13800000001',NULL,'2026-07-14 14:23:40','2026-07-15 15:45:24',0),(101,'t1','$2a$10$E9hyYoDLI.aomyi4RWQgk.kRAEKhW3WnjCY8KLOqUkMTtUDw4G.H.','张老师',2,'teachert1@edu.com','13800000101',NULL,'2026-07-14 14:23:40','2026-07-15 15:45:24',0),(102,'t2','$2a$10$E9hyYoDLI.aomyi4RWQgk.kRAEKhW3WnjCY8KLOqUkMTtUDw4G.H.','李老师',2,'teachert2@edu.com','13800000102',NULL,'2026-07-14 14:23:40','2026-07-15 15:45:24',0),(103,'t3','$2a$10$E9hyYoDLI.aomyi4RWQgk.kRAEKhW3WnjCY8KLOqUkMTtUDw4G.H.','王老师',2,'teachert3@edu.com','13800000103',NULL,'2026-07-14 14:23:40','2026-07-15 15:45:24',0),(104,'t4','$2a$10$E9hyYoDLI.aomyi4RWQgk.kRAEKhW3WnjCY8KLOqUkMTtUDw4G.H.','赵老师',2,'teachert4@edu.com','13800000104',NULL,'2026-07-14 14:23:40','2026-07-15 15:45:24',0),(105,'t5','$2a$10$E9hyYoDLI.aomyi4RWQgk.kRAEKhW3WnjCY8KLOqUkMTtUDw4G.H.','刘老师',2,'teachert5@edu.com','13800000105',NULL,'2026-07-14 14:23:40','2026-07-15 15:45:24',0),(106,'t6','$2a$10$E9hyYoDLI.aomyi4RWQgk.kRAEKhW3WnjCY8KLOqUkMTtUDw4G.H.','陈老师',2,'teachert6@edu.com','13800000106',NULL,'2026-07-14 14:23:40','2026-07-15 15:45:24',0),(201,'s1','$2a$10$05n5.4KfEvk5DmhvZzuGPu5dMQdVTzfQ7ofji66doAZitOlo4tzMG','张同学',1,'students1@edu.com','13800000201',NULL,'2026-07-14 14:23:40','2026-07-15 15:45:24',0),(202,'s2','$2a$10$E9hyYoDLI.aomyi4RWQgk.kRAEKhW3WnjCY8KLOqUkMTtUDw4G.H.','李同学',1,'students2@edu.com','13800000202',NULL,'2026-07-14 14:23:40','2026-07-15 15:45:24',0),(203,'s3','$2a$10$E9hyYoDLI.aomyi4RWQgk.kRAEKhW3WnjCY8KLOqUkMTtUDw4G.H.','王同学',1,'students3@edu.com','13800000203',NULL,'2026-07-14 14:23:40','2026-07-15 15:45:24',0),(204,'s4','$2a$10$E9hyYoDLI.aomyi4RWQgk.kRAEKhW3WnjCY8KLOqUkMTtUDw4G.H.','赵同学',1,'students4@edu.com','13800000204',NULL,'2026-07-14 14:23:40','2026-07-15 15:45:24',0),(205,'s5','$2a$10$E9hyYoDLI.aomyi4RWQgk.kRAEKhW3WnjCY8KLOqUkMTtUDw4G.H.','刘同学',1,'students5@edu.com','13800000205',NULL,'2026-07-14 14:23:40','2026-07-15 15:45:24',0),(206,'s6','$2a$10$E9hyYoDLI.aomyi4RWQgk.kRAEKhW3WnjCY8KLOqUkMTtUDw4G.H.','陈同学',1,'students6@edu.com','13800000206',NULL,'2026-07-14 14:23:40','2026-07-15 15:45:24',0),(207,'s7','$2a$10$E9hyYoDLI.aomyi4RWQgk.kRAEKhW3WnjCY8KLOqUkMTtUDw4G.H.','杨同学',1,'students7@edu.com','13800000207',NULL,'2026-07-14 14:23:40','2026-07-15 15:45:24',0),(208,'s8','$2a$10$E9hyYoDLI.aomyi4RWQgk.kRAEKhW3WnjCY8KLOqUkMTtUDw4G.H.','黄同学',1,'students8@edu.com','13800000208',NULL,'2026-07-14 14:23:40','2026-07-15 15:45:24',0),(209,'s9','$2a$10$E9hyYoDLI.aomyi4RWQgk.kRAEKhW3WnjCY8KLOqUkMTtUDw4G.H.','周同学',1,'students9@edu.com','13800000209',NULL,'2026-07-14 14:23:40','2026-07-15 15:45:24',0),(210,'s10','$2a$10$E9hyYoDLI.aomyi4RWQgk.kRAEKhW3WnjCY8KLOqUkMTtUDw4G.H.','吴同学',1,'students10@edu.com','13800000210',NULL,'2026-07-14 14:23:40','2026-07-15 15:45:24',0),(211,'s11','$2a$10$E9hyYoDLI.aomyi4RWQgk.kRAEKhW3WnjCY8KLOqUkMTtUDw4G.H.','郑同学',1,'students11@edu.com','13800000211',NULL,'2026-07-14 14:23:40','2026-07-15 15:45:24',0),(212,'s12','$2a$10$E9hyYoDLI.aomyi4RWQgk.kRAEKhW3WnjCY8KLOqUkMTtUDw4G.H.','孙同学',1,'students12@edu.com','13800000212',NULL,'2026-07-14 14:23:40','2026-07-15 15:45:24',0),(213,'s13','$2a$10$E9hyYoDLI.aomyi4RWQgk.kRAEKhW3WnjCY8KLOqUkMTtUDw4G.H.','马同学',1,'students13@edu.com','13800000213',NULL,'2026-07-14 14:23:40','2026-07-15 15:45:24',0),(214,'s14','$2a$10$E9hyYoDLI.aomyi4RWQgk.kRAEKhW3WnjCY8KLOqUkMTtUDw4G.H.','胡同学',1,'students14@edu.com','13800000214',NULL,'2026-07-14 14:23:40','2026-07-15 15:45:24',0),(215,'s15','$2a$10$E9hyYoDLI.aomyi4RWQgk.kRAEKhW3WnjCY8KLOqUkMTtUDw4G.H.','林同学',1,'students15@edu.com','13800000215',NULL,'2026-07-14 14:23:40','2026-07-15 15:45:24',0);
/*!40000 ALTER TABLE `tb_user` ENABLE KEYS */;
UNLOCK TABLES;
/*!40103 SET TIME_ZONE=@OLD_TIME_ZONE */;

/*!40101 SET SQL_MODE=@OLD_SQL_MODE */;
/*!40014 SET FOREIGN_KEY_CHECKS=@OLD_FOREIGN_KEY_CHECKS */;
/*!40014 SET UNIQUE_CHECKS=@OLD_UNIQUE_CHECKS */;
/*!40101 SET CHARACTER_SET_CLIENT=@OLD_CHARACTER_SET_CLIENT */;
/*!40101 SET CHARACTER_SET_RESULTS=@OLD_CHARACTER_SET_RESULTS */;
/*!40101 SET COLLATION_CONNECTION=@OLD_COLLATION_CONNECTION */;
/*!40111 SET SQL_NOTES=@OLD_SQL_NOTES */;

