-- MySQL dump 10.13  Distrib 8.0.46, for macos26.4 (arm64)
--
-- Host: localhost    Database: edu_platform
-- ------------------------------------------------------
-- Server version	8.0.46

/*!40101 SET @OLD_CHARACTER_SET_CLIENT=@@CHARACTER_SET_CLIENT */;
/*!40101 SET @OLD_CHARACTER_SET_RESULTS=@@CHARACTER_SET_RESULTS */;
/*!40101 SET @OLD_COLLATION_CONNECTION=@@COLLATION_CONNECTION */;
/*!50503 SET NAMES utf8mb4 */;
/*!40103 SET @OLD_TIME_ZONE=@@TIME_ZONE */;
/*!40103 SET TIME_ZONE='+00:00' */;
/*!40014 SET @OLD_UNIQUE_CHECKS=@@UNIQUE_CHECKS, UNIQUE_CHECKS=0 */;
/*!40014 SET @OLD_FOREIGN_KEY_CHECKS=@@FOREIGN_KEY_CHECKS, FOREIGN_KEY_CHECKS=0 */;
/*!40101 SET @OLD_SQL_MODE=@@SQL_MODE, SQL_MODE='NO_AUTO_VALUE_ON_ZERO' */;
/*!40111 SET @OLD_SQL_NOTES=@@SQL_NOTES, SQL_NOTES=0 */;

--
-- Current Database: `edu_platform`
--

/*!40000 DROP DATABASE IF EXISTS `edu_platform`*/;

CREATE DATABASE /*!32312 IF NOT EXISTS*/ `edu_platform` /*!40100 DEFAULT CHARACTER SET utf8mb4 COLLATE utf8mb4_general_ci */ /*!80016 DEFAULT ENCRYPTION='N' */;

USE `edu_platform`;

--
-- Table structure for table `kb_document`
--

DROP TABLE IF EXISTS `kb_document`;
/*!40101 SET @saved_cs_client     = @@character_set_client */;
/*!50503 SET character_set_client = utf8mb4 */;
CREATE TABLE `kb_document` (
  `id` bigint NOT NULL AUTO_INCREMENT COMMENT '文档ID',
  `kb_id` bigint NOT NULL COMMENT '所属知识库ID',
  `file_name` varchar(255) DEFAULT NULL COMMENT '服务器存储文件名',
  `original_name` varchar(500) NOT NULL COMMENT '原始文件名',
  `file_size` bigint DEFAULT NULL COMMENT '文件大小（字节）',
  `file_type` varchar(20) DEFAULT NULL COMMENT '文件类型（pdf/md/txt等）',
  `chunk_count` int NOT NULL DEFAULT '0' COMMENT '切分后的文本块数量',
  `status` tinyint NOT NULL DEFAULT '0' COMMENT '处理状态：0=处理中，1=成功，2=失败',
  `error_msg` varchar(1000) DEFAULT NULL COMMENT '失败原因',
  `created_at` datetime NOT NULL DEFAULT CURRENT_TIMESTAMP COMMENT '创建时间',
  `updated_at` datetime NOT NULL DEFAULT CURRENT_TIMESTAMP ON UPDATE CURRENT_TIMESTAMP COMMENT '更新时间',
  PRIMARY KEY (`id`),
  KEY `idx_kb_doc_kb` (`kb_id`),
  KEY `idx_kb_doc_status` (`status`),
  CONSTRAINT `fk_kb_doc_kb` FOREIGN KEY (`kb_id`) REFERENCES `kb_knowledge_base` (`id`) ON DELETE RESTRICT ON UPDATE CASCADE
) ENGINE=InnoDB AUTO_INCREMENT=304 DEFAULT CHARSET=utf8mb4 COLLATE=utf8mb4_0900_ai_ci COMMENT='知识库文档表';
/*!40101 SET character_set_client = @saved_cs_client */;

--
-- Dumping data for table `kb_document`
--

LOCK TABLES `kb_document` WRITE;
/*!40000 ALTER TABLE `kb_document` DISABLE KEYS */;
INSERT INTO `kb_document` VALUES (1,1,'Spring_Boot_拦截器.md','Spring_Boot_拦截器.md',11841,'md',28,1,NULL,'2026-07-22 09:50:16','2026-07-22 09:50:17'),(2,1,'Spring_Boot_JPA基础.md','Spring_Boot_JPA基础.md',10709,'md',23,1,NULL,'2026-07-22 09:50:17','2026-07-22 09:50:18'),(3,1,'Spring_Boot_MyBatis整合.md','Spring_Boot_MyBatis整合.md',9785,'md',23,1,NULL,'2026-07-22 09:50:18','2026-07-22 09:50:18'),(4,1,'Spring_Boot_异常处理.md','Spring_Boot_异常处理.md',8469,'md',19,1,NULL,'2026-07-22 09:50:18','2026-07-22 09:50:19'),(5,1,'Java并发编程_基础.md','Java并发编程_基础.md',28035,'md',42,1,NULL,'2026-07-22 09:50:19','2026-07-22 09:50:19'),(6,1,'Spring_Boot_RESTful服务.md','Spring_Boot_RESTful服务.md',6067,'md',13,1,NULL,'2026-07-22 09:50:19','2026-07-22 09:50:20'),(7,1,'Spring_Boot_MyBatis-Plus.md','Spring_Boot_MyBatis-Plus.md',35887,'md',75,1,NULL,'2026-07-22 09:50:20','2026-07-22 09:50:21'),(8,1,'Java基础_集合框架.md','Java基础_集合框架.md',36397,'md',54,1,NULL,'2026-07-22 09:50:21','2026-07-22 09:50:22'),(9,1,'Spring_Boot_入门介绍.md','Spring_Boot_入门介绍.md',4449,'md',8,1,NULL,'2026-07-22 09:50:22','2026-07-22 09:50:22'),(10,1,'Spring_Boot_Swagger集成.md','Spring_Boot_Swagger集成.md',8719,'md',20,1,NULL,'2026-07-22 09:50:22','2026-07-22 09:50:23'),(11,1,'Java基础_面向对象.md','Java基础_面向对象.md',46193,'md',75,1,NULL,'2026-07-22 09:50:23','2026-07-22 09:50:24'),(12,1,'Java基础_核心概念.md','Java基础_核心概念.md',67463,'md',114,1,NULL,'2026-07-22 09:50:24','2026-07-22 09:50:26'),(13,1,'Spring_Boot_过滤器.md','Spring_Boot_过滤器.md',8171,'md',18,1,NULL,'2026-07-22 09:50:26','2026-07-22 09:50:26'),(14,1,'Spring框架核心知识点.md','Spring框架核心知识点.md',65705,'md',112,1,NULL,'2026-07-22 09:50:26','2026-07-22 09:50:28'),(15,1,'JVM_入门介绍.md','JVM_入门介绍.md',41913,'md',72,1,NULL,'2026-07-22 09:50:28','2026-07-22 09:50:29'),(16,1,'Spring_Boot_配置读取.md','Spring_Boot_配置读取.md',7333,'md',16,1,NULL,'2026-07-22 09:50:29','2026-07-22 09:50:30'),(17,1,'Java集合_详解.md','Java集合_详解.md',35924,'md',67,1,NULL,'2026-07-22 09:50:30','2026-07-22 09:50:31'),(18,2,'f1983db565593b752835454dd9d91b62_MIT6_830F10_lec17.pdf','f1983db565593b752835454dd9d91b62_MIT6_830F10_lec17.pdf',51724,'pdf',34,1,NULL,'2026-07-22 09:50:31','2026-07-22 09:50:32'),(19,2,'1343b2699f7d4c76a768b8f45b1674b1_MIT6_830F10_lec06.pdf','1343b2699f7d4c76a768b8f45b1674b1_MIT6_830F10_lec06.pdf',215369,'pdf',19,1,NULL,'2026-07-22 09:50:32','2026-07-22 09:50:32'),(20,2,'34af4aeab0ab4c4f8400a1728e3ec1c3_MIT6_830F10_lec14.pdf','34af4aeab0ab4c4f8400a1728e3ec1c3_MIT6_830F10_lec14.pdf',62529,'pdf',5,1,NULL,'2026-07-22 09:50:32','2026-07-22 09:50:33'),(21,2,'cf3d2f95cf16fa717f571771c3792d38_MIT6_830F10_lec09.pdf','cf3d2f95cf16fa717f571771c3792d38_MIT6_830F10_lec09.pdf',156711,'pdf',24,1,NULL,'2026-07-22 09:50:33','2026-07-22 09:50:33'),(22,2,'935ede972b992acb7e5bbbd82ad8ad68_MIT6_830F10_lec13.pdf','935ede972b992acb7e5bbbd82ad8ad68_MIT6_830F10_lec13.pdf',63521,'pdf',9,1,NULL,'2026-07-22 09:50:33','2026-07-22 09:50:33'),(23,2,'MySQL_面试题总结.md','MySQL_面试题总结.md',78457,'md',118,1,NULL,'2026-07-22 09:50:33','2026-07-22 09:50:36'),(24,2,'a8f0c23af21fc07f3c696ce4df4e4582_MIT6_830F10_lec07.pdf','a8f0c23af21fc07f3c696ce4df4e4582_MIT6_830F10_lec07.pdf',119628,'pdf',15,1,NULL,'2026-07-22 09:50:36','2026-07-22 09:50:37'),(25,2,'264607c70ffc97108f6ce14914220be5_MIT6_830F10_lec20.pdf','264607c70ffc97108f6ce14914220be5_MIT6_830F10_lec20.pdf',134958,'pdf',9,1,NULL,'2026-07-22 09:50:37','2026-07-22 09:50:37'),(26,2,'Redis_核心知识点.md','Redis_核心知识点.md',53860,'md',84,1,NULL,'2026-07-22 09:50:37','2026-07-22 09:50:39'),(27,2,'248a1aba3373b4fa358df1bc01aed941_MIT6_830F10_lec19.pdf','248a1aba3373b4fa358df1bc01aed941_MIT6_830F10_lec19.pdf',44416,'pdf',28,1,NULL,'2026-07-22 09:50:39','2026-07-22 09:50:39'),(28,2,'7b28a2ebf609323f8ac6783cae73beb5_MIT6_830F10_lec09_selinger.pdf','7b28a2ebf609323f8ac6783cae73beb5_MIT6_830F10_lec09_selinger.pdf',140216,'pdf',15,1,NULL,'2026-07-22 09:50:39','2026-07-22 09:50:39'),(29,2,'a9c47ed7d80c1bfc51d0baf7ac545398_MIT6_830F10_lec03.pdf','a9c47ed7d80c1bfc51d0baf7ac545398_MIT6_830F10_lec03.pdf',96963,'pdf',24,1,NULL,'2026-07-22 09:50:39','2026-07-22 09:50:40'),(30,2,'00a5c16425d3b905dfcd2993ffd6ab50_MIT6_830F10_lec18.pdf','00a5c16425d3b905dfcd2993ffd6ab50_MIT6_830F10_lec18.pdf',852625,'pdf',26,1,NULL,'2026-07-22 09:50:40','2026-07-22 09:50:40'),(31,2,'8d7652b95f032eab2dcd6320d8a9f1c7_MIT6_830F10_lec02.pdf','8d7652b95f032eab2dcd6320d8a9f1c7_MIT6_830F10_lec02.pdf',87973,'pdf',18,1,NULL,'2026-07-22 09:50:41','2026-07-22 09:50:41'),(32,2,'cbab1dd746579df2cf20fe5027fbf95a_MIT6_830F10_lec07b.pdf','cbab1dd746579df2cf20fe5027fbf95a_MIT6_830F10_lec07b.pdf',59540,'pdf',16,1,NULL,'2026-07-22 09:50:41','2026-07-22 09:50:41'),(33,2,'8d820170818e123c0f078729a6712bc1_MIT6_830F10_lec04.pdf','8d820170818e123c0f078729a6712bc1_MIT6_830F10_lec04.pdf',236274,'pdf',25,1,NULL,'2026-07-22 09:50:41','2026-07-22 09:50:42'),(34,2,'3dde7e38f73479c8486a579c760881f7_MIT6_830F10_lec05.pdf','3dde7e38f73479c8486a579c760881f7_MIT6_830F10_lec05.pdf',269996,'pdf',29,1,NULL,'2026-07-22 09:50:42','2026-07-22 09:50:42'),(35,2,'10b223dc3daf6fda4001272799b153a0_MIT6_830F10_lec10.pdf','10b223dc3daf6fda4001272799b153a0_MIT6_830F10_lec10.pdf',92404,'pdf',13,1,NULL,'2026-07-22 09:50:42','2026-07-22 09:50:43'),(36,2,'d69d410ce33b5aa45c37c6b38a78ca4f_MIT6_830F10_lec11.pdf','d69d410ce33b5aa45c37c6b38a78ca4f_MIT6_830F10_lec11.pdf',68888,'pdf',10,1,NULL,'2026-07-22 09:50:43','2026-07-22 09:50:43'),(37,2,'fe9901469a4a62e1aef336bea7ad3e69_MIT6_830F10_lec20b.pdf','fe9901469a4a62e1aef336bea7ad3e69_MIT6_830F10_lec20b.pdf',207591,'pdf',21,1,NULL,'2026-07-22 09:50:43','2026-07-22 09:50:43'),(38,2,'f8656ba4421eb5f58cd138b085d89a72_MIT6_830F10_lec12.pdf','f8656ba4421eb5f58cd138b085d89a72_MIT6_830F10_lec12.pdf',84807,'pdf',13,1,NULL,'2026-07-22 09:50:43','2026-07-22 09:50:44'),(39,2,'ce269ab3b1fe758df40aec6cad51371e_MIT6_830F10_lec01.pdf','ce269ab3b1fe758df40aec6cad51371e_MIT6_830F10_lec01.pdf',408546,'pdf',46,1,NULL,'2026-07-22 09:50:44','2026-07-22 09:50:44'),(40,2,'bb7317f74359bd61ad497a689e151ef1_MIT6_830F10_lec16.pdf','bb7317f74359bd61ad497a689e151ef1_MIT6_830F10_lec16.pdf',35011,'pdf',31,1,NULL,'2026-07-22 09:50:44','2026-07-22 09:50:45'),(41,2,'e6345ec714bf830bc70a9b5f194c1edf_MIT6_830F10_lec15.pdf','e6345ec714bf830bc70a9b5f194c1edf_MIT6_830F10_lec15.pdf',29681,'pdf',21,1,NULL,'2026-07-22 09:50:45','2026-07-22 09:50:45'),(42,3,'Vue3入门.md','Vue3入门.md',12443,'md',20,1,NULL,'2026-07-22 09:50:46','2026-07-22 09:50:46'),(43,4,'9eb3e9a51a7b5b60b0f67c2277f8b0ee_MIT6_006S20_lec15.pdf','9eb3e9a51a7b5b60b0f67c2277f8b0ee_MIT6_006S20_lec15.pdf',252211,'pdf',33,1,NULL,'2026-07-22 09:50:46','2026-07-22 09:50:47'),(44,4,'28461a74f81101874a13d9679a40584d_MIT6_006S20_lec16.pdf','28461a74f81101874a13d9679a40584d_MIT6_006S20_lec16.pdf',261370,'pdf',25,1,NULL,'2026-07-22 09:50:47','2026-07-22 09:50:48'),(45,4,'1869dbf640ded6b31f1bd369d2001ef5_MIT6_006S20_r03.pdf','1869dbf640ded6b31f1bd369d2001ef5_MIT6_006S20_r03.pdf',276655,'pdf',33,1,NULL,'2026-07-22 09:50:48','2026-07-22 09:50:48'),(46,4,'79a07dc1cb47d76dae2ffedc701e3d2b_MIT6_006S20_lec2.pdf','79a07dc1cb47d76dae2ffedc701e3d2b_MIT6_006S20_lec2.pdf',221904,'pdf',20,1,NULL,'2026-07-22 09:50:48','2026-07-22 09:50:49'),(47,4,'数据结构与算法_线性表查找.md','数据结构与算法_线性表查找.md',10413,'md',17,1,NULL,'2026-07-22 09:50:49','2026-07-22 09:50:49'),(48,4,'78a3c3444de1ff837f81e52991c24a86_MIT6_006S20_lec5.pdf','78a3c3444de1ff837f81e52991c24a86_MIT6_006S20_lec5.pdf',212265,'pdf',18,1,NULL,'2026-07-22 09:50:49','2026-07-22 09:50:49'),(49,4,'1a34924a2ee4e08c580c2268f8e854ee_MIT6_006S20_r12.pdf','1a34924a2ee4e08c580c2268f8e854ee_MIT6_006S20_r12.pdf',197175,'pdf',26,1,NULL,'2026-07-22 09:50:50','2026-07-22 09:50:50'),(50,4,'c6d8f06c6f11e3342633dec85498f551_MIT6_006S20_r01.pdf','c6d8f06c6f11e3342633dec85498f551_MIT6_006S20_r01.pdf',308577,'pdf',37,1,NULL,'2026-07-22 09:50:50','2026-07-22 09:50:50'),(51,4,'045bcc2846d6aef7bd77d597d74f213a_MIT6_006S20_r17.pdf','045bcc2846d6aef7bd77d597d74f213a_MIT6_006S20_r17.pdf',199936,'pdf',17,1,NULL,'2026-07-22 09:50:51','2026-07-22 09:50:51'),(52,4,'6d1ae5278d02bbecb5c4428928b24194_MIT6_006S20_lec3.pdf','6d1ae5278d02bbecb5c4428928b24194_MIT6_006S20_lec3.pdf',229595,'pdf',21,1,NULL,'2026-07-22 09:50:51','2026-07-22 09:50:51'),(53,4,'6022dc36557c5e5df2ad0a77e9463855_MIT6_006S20_r15.pdf','6022dc36557c5e5df2ad0a77e9463855_MIT6_006S20_r15.pdf',205704,'pdf',24,1,NULL,'2026-07-22 09:50:51','2026-07-22 09:50:52'),(54,4,'c08a3b63dfe5f6f6b32257d35f86ae63_MIT6_006S20_r02.pdf','c08a3b63dfe5f6f6b32257d35f86ae63_MIT6_006S20_r02.pdf',257188,'pdf',52,1,NULL,'2026-07-22 09:50:52','2026-07-22 09:50:53'),(55,4,'数据结构与算法_堆.md','数据结构与算法_堆.md',2357,'md',3,1,NULL,'2026-07-22 09:50:53','2026-07-22 09:50:53'),(56,4,'e88f4499b351ab82ebf07c4de2859272_MIT6_006S20_r18.pdf','e88f4499b351ab82ebf07c4de2859272_MIT6_006S20_r18.pdf',234120,'pdf',20,1,NULL,'2026-07-22 09:50:53','2026-07-22 09:50:53'),(57,4,'f3e349e0eb3288592289d2c81e0c4f4d_MIT6_006S20_lec10.pdf','f3e349e0eb3288592289d2c81e0c4f4d_MIT6_006S20_lec10.pdf',242252,'pdf',20,1,NULL,'2026-07-22 09:50:53','2026-07-22 09:50:54'),(58,4,'数据结构与算法_指南.md','数据结构与算法_指南.md',1204,'md',2,1,NULL,'2026-07-22 09:50:54','2026-07-22 09:50:54'),(59,4,'数据结构与算法_B加树.md','数据结构与算法_B加树.md',5023,'md',6,1,NULL,'2026-07-22 09:50:54','2026-07-22 09:50:54'),(60,4,'数据结构与算法_红黑树.md','数据结构与算法_红黑树.md',10259,'md',12,1,NULL,'2026-07-22 09:50:54','2026-07-22 09:50:54'),(61,4,'e215840fd7b0e8cb07916a65c17252b2_MIT6_006S20_r06.pdf','e215840fd7b0e8cb07916a65c17252b2_MIT6_006S20_r06.pdf',244989,'pdf',39,1,NULL,'2026-07-22 09:50:54','2026-07-22 09:50:55'),(62,4,'477c78e0af2df61fa205bcc6cb613ceb_MIT6_006S20_lec1.pdf','477c78e0af2df61fa205bcc6cb613ceb_MIT6_006S20_lec1.pdf',237706,'pdf',22,1,NULL,'2026-07-22 09:50:55','2026-07-22 09:50:55'),(63,4,'487dc976eabd0f9bcd6a3c385203ea27_MIT6_006S20_r16.pdf','487dc976eabd0f9bcd6a3c385203ea27_MIT6_006S20_r16.pdf',187118,'pdf',15,1,NULL,'2026-07-22 09:50:55','2026-07-22 09:50:55'),(64,4,'数据结构与算法_哈希表.md','数据结构与算法_哈希表.md',10688,'md',12,1,NULL,'2026-07-22 09:50:55','2026-07-22 09:50:56'),(65,4,'cda4cc0c0e626bfbd30bc15fb78c3994_MIT6_006S20_r05.pdf','cda4cc0c0e626bfbd30bc15fb78c3994_MIT6_006S20_r05.pdf',225847,'pdf',20,1,NULL,'2026-07-22 09:50:56','2026-07-22 09:50:56'),(66,4,'77ff36ad54779575d9ba8d8687f91b5b_MIT6_006S20_r11.pdf','77ff36ad54779575d9ba8d8687f91b5b_MIT6_006S20_r11.pdf',318686,'pdf',41,1,NULL,'2026-07-22 09:50:56','2026-07-22 09:50:57'),(67,4,'数据结构与算法_图.md','数据结构与算法_图.md',3498,'md',6,1,NULL,'2026-07-22 09:50:57','2026-07-22 09:50:57'),(68,4,'16d43dec3488717057d7daff2bac3400_MIT6_006S20_r07.pdf','16d43dec3488717057d7daff2bac3400_MIT6_006S20_r07.pdf',215954,'pdf',46,1,NULL,'2026-07-22 09:50:57','2026-07-22 09:50:58'),(69,4,'6027e2a155c948937fdfb93981f7070c_MIT6_006S20_r14.pdf','6027e2a155c948937fdfb93981f7070c_MIT6_006S20_r14.pdf',191442,'pdf',16,1,NULL,'2026-07-22 09:50:58','2026-07-22 09:50:58'),(70,4,'376714cc85c6c784d90eec9c575ec027_MIT6_006S20_lec6.pdf','376714cc85c6c784d90eec9c575ec027_MIT6_006S20_lec6.pdf',226027,'pdf',21,1,NULL,'2026-07-22 09:50:58','2026-07-22 09:50:59'),(71,4,'7d7d5c35490f41b7b037cafbda7019ad_MIT6_006S20_lec14.pdf','7d7d5c35490f41b7b037cafbda7019ad_MIT6_006S20_lec14.pdf',209376,'pdf',22,1,NULL,'2026-07-22 09:50:59','2026-07-22 09:50:59'),(72,4,'d819e7f4568aced8d5b59e03db6c7b67_MIT6_006S20_lec13.pdf','d819e7f4568aced8d5b59e03db6c7b67_MIT6_006S20_lec13.pdf',267578,'pdf',21,1,NULL,'2026-07-22 09:50:59','2026-07-22 09:51:00'),(73,4,'aa4f264093faf990054cc4820553bb46_MIT6_006S20_lec20.pdf','aa4f264093faf990054cc4820553bb46_MIT6_006S20_lec20.pdf',137043,'pdf',10,1,NULL,'2026-07-22 09:51:00','2026-07-22 09:51:00'),(74,4,'701c2f339890cbf9c0c2a3495d007f26_MIT6_006S20_r08.pdf','701c2f339890cbf9c0c2a3495d007f26_MIT6_006S20_r08.pdf',283362,'pdf',35,1,NULL,'2026-07-22 09:51:00','2026-07-22 09:51:01'),(75,4,'7232b0ff982f501556118a8552654762_MIT6_006S20_r19.pdf','7232b0ff982f501556118a8552654762_MIT6_006S20_r19.pdf',247734,'pdf',18,1,NULL,'2026-07-22 09:51:01','2026-07-22 09:51:01'),(76,4,'数据结构与算法_栈和队列.md','数据结构与算法_栈和队列.md',4965,'md',6,1,NULL,'2026-07-22 09:51:01','2026-07-22 09:51:01'),(77,4,'6afd7e9a85d7d36e204533569f9fccf6_MIT6_006S20_r09.pdf','6afd7e9a85d7d36e204533569f9fccf6_MIT6_006S20_r09.pdf',242703,'pdf',25,1,NULL,'2026-07-22 09:51:01','2026-07-22 09:51:02'),(78,4,'mit6_006s20_lec18.pdf','mit6_006s20_lec18.pdf',326856,'pdf',27,1,NULL,'2026-07-22 09:51:02','2026-07-22 09:51:02'),(79,4,'数据结构与算法_树和二叉树.md','数据结构与算法_树和二叉树.md',11986,'md',15,1,NULL,'2026-07-22 09:51:02','2026-07-22 09:51:03'),(80,4,'数据结构与算法_跳表.md','数据结构与算法_跳表.md',6640,'md',8,1,NULL,'2026-07-22 09:51:03','2026-07-22 09:51:03'),(81,4,'数据结构与算法_复杂度分析.md','数据结构与算法_复杂度分析.md',5139,'md',8,1,NULL,'2026-07-22 09:51:03','2026-07-22 09:51:03'),(82,4,'fda666a4db1dc65b3d71be08115502bd_MIT6_006S20_lec19.pdf','fda666a4db1dc65b3d71be08115502bd_MIT6_006S20_lec19.pdf',299012,'pdf',21,1,NULL,'2026-07-22 09:51:03','2026-07-22 09:51:04'),(83,4,'数据结构与算法_线性表排序.md','数据结构与算法_线性表排序.md',36329,'md',54,1,NULL,'2026-07-22 09:51:04','2026-07-22 09:51:05'),(84,4,'d9265b3b33d238ff914b0223ac8e7628_MIT6_006S20_r10.pdf','d9265b3b33d238ff914b0223ac8e7628_MIT6_006S20_r10.pdf',214345,'pdf',22,1,NULL,'2026-07-22 09:51:05','2026-07-22 09:51:05'),(85,4,'数据结构与算法_数组和链表.md','数据结构与算法_数组和链表.md',15431,'md',27,1,NULL,'2026-07-22 09:51:05','2026-07-22 09:51:06'),(86,4,'665523227a175e9e9ce26ea8d3e5b51c_MIT6_006S20_lec17.pdf','665523227a175e9e9ce26ea8d3e5b51c_MIT6_006S20_lec17.pdf',230559,'pdf',25,1,NULL,'2026-07-22 09:51:06','2026-07-22 09:51:06'),(87,4,'ec187276db0faaa047d655979a44de7f_MIT6_006S20_r13.pdf','ec187276db0faaa047d655979a44de7f_MIT6_006S20_r13.pdf',199814,'pdf',34,1,NULL,'2026-07-22 09:51:06','2026-07-22 09:51:07'),(88,4,'aa57a9785adf925bc85c1920f53755a0_MIT6_006S20_lec11.pdf','aa57a9785adf925bc85c1920f53755a0_MIT6_006S20_lec11.pdf',225588,'pdf',24,1,NULL,'2026-07-22 09:51:07','2026-07-22 09:51:07'),(89,4,'2430d7903a5529451d80c17f89a41fe8_MIT6_006S20_lec12.pdf','2430d7903a5529451d80c17f89a41fe8_MIT6_006S20_lec12.pdf',262512,'pdf',24,1,NULL,'2026-07-22 09:51:07','2026-07-22 09:51:08'),(90,4,'bd220fb629aefdf30f416b5abf45d38d_MIT6_006S20_r04.pdf','bd220fb629aefdf30f416b5abf45d38d_MIT6_006S20_r04.pdf',276838,'pdf',53,1,NULL,'2026-07-22 09:51:08','2026-07-22 09:51:08'),(91,4,'40d4851e550507ca14dc778b9b2266cc_MIT6_006S20_lec8.pdf','40d4851e550507ca14dc778b9b2266cc_MIT6_006S20_lec8.pdf',236091,'pdf',26,1,NULL,'2026-07-22 09:51:08','2026-07-22 09:51:09'),(92,4,'ce9e94705b914598ce78a00a70a1f734_MIT6_006S20_lec4.pdf','ce9e94705b914598ce78a00a70a1f734_MIT6_006S20_lec4.pdf',224668,'pdf',16,1,NULL,'2026-07-22 09:51:09','2026-07-22 09:51:09'),(93,4,'数据结构与算法_字典树.md','数据结构与算法_字典树.md',5376,'md',7,1,NULL,'2026-07-22 09:51:09','2026-07-22 09:51:09'),(94,4,'a2c80596cf4a2b5fbc854afdd2f23dcb_MIT6_006S20_lec7.pdf','a2c80596cf4a2b5fbc854afdd2f23dcb_MIT6_006S20_lec7.pdf',213915,'pdf',28,1,NULL,'2026-07-22 09:51:09','2026-07-22 09:51:10'),(95,4,'196a95604877d326c6586e60477b59d4_MIT6_006S20_lec9.pdf','196a95604877d326c6586e60477b59d4_MIT6_006S20_lec9.pdf',260901,'pdf',24,1,NULL,'2026-07-22 09:51:10','2026-07-22 09:51:10'),(96,5,'a83f1d0b7b787d798801a85e26057961_MIT6_828F12_lec17_notes.pdf','a83f1d0b7b787d798801a85e26057961_MIT6_828F12_lec17_notes.pdf',547083,'pdf',26,1,NULL,'2026-07-22 09:51:11','2026-07-22 09:51:11'),(97,5,'c34ee127dcb42c584d0b8e23cb532b9d_MIT6_828F12_lec8_notes.pdf','c34ee127dcb42c584d0b8e23cb532b9d_MIT6_828F12_lec8_notes.pdf',72907,'pdf',7,1,NULL,'2026-07-22 09:51:11','2026-07-22 09:51:11'),(98,5,'d5f27426148804c23010be61a49667d7_MIT6_828F12_lec9_notes.pdf','d5f27426148804c23010be61a49667d7_MIT6_828F12_lec9_notes.pdf',542341,'pdf',14,1,NULL,'2026-07-22 09:51:12','2026-07-22 09:51:12'),(99,5,'6976b258b566bd5debf4a4469cf36ed9_MIT6_828F12_lec11_notes.pdf','6976b258b566bd5debf4a4469cf36ed9_MIT6_828F12_lec11_notes.pdf',545095,'pdf',35,1,NULL,'2026-07-22 09:51:12','2026-07-22 09:51:12'),(100,5,'计算机组成原理.md','计算机组成原理.md',167608,'md',255,1,NULL,'2026-07-22 09:51:12','2026-07-22 09:51:17'),(101,5,'操作系统_复习知识整理.md','操作系统_复习知识整理.md',129702,'md',171,1,NULL,'2026-07-22 09:51:17','2026-07-22 09:51:20'),(102,5,'ecc911a7b40e9babb1c02f9e8ae37e1b_MIT6_828F12_lec3_notes.pdf','ecc911a7b40e9babb1c02f9e8ae37e1b_MIT6_828F12_lec3_notes.pdf',538997,'pdf',23,1,NULL,'2026-07-22 09:51:21','2026-07-22 09:51:21'),(103,5,'177eb05112759833dde83720f615d689_MIT6_828F12_lec5_handout.pdf','177eb05112759833dde83720f615d689_MIT6_828F12_lec5_handout.pdf',72567,'pdf',7,1,NULL,'2026-07-22 09:51:21','2026-07-22 09:51:21'),(104,5,'4cc5013863ff38ab10d38c6b994036f3_MIT6_828F12_lec7_notes.pdf','4cc5013863ff38ab10d38c6b994036f3_MIT6_828F12_lec7_notes.pdf',533470,'pdf',10,1,NULL,'2026-07-22 09:51:21','2026-07-22 09:51:22'),(105,5,'Linux基础知识总结.md','Linux基础知识总结.md',65757,'md',97,1,NULL,'2026-07-22 09:51:22','2026-07-22 09:51:24'),(106,5,'722fff0f4c27ecf60b63d583daf499bf_MIT6_828F12_lec10_notes.pdf','722fff0f4c27ecf60b63d583daf499bf_MIT6_828F12_lec10_notes.pdf',545720,'pdf',26,1,NULL,'2026-07-22 09:51:24','2026-07-22 09:51:24'),(107,5,'3def8fcd397933ebb846fb479bdcf556_MIT6_828F12_xv6-book-rev7.pdf','3def8fcd397933ebb846fb479bdcf556_MIT6_828F12_xv6-book-rev7.pdf',1386287,'pdf',624,1,NULL,'2026-07-22 09:51:24','2026-07-22 09:51:32'),(108,5,'88f52c276432929a08eb5a09a8765054_MIT6_828F12_lec1_notes.pdf','88f52c276432929a08eb5a09a8765054_MIT6_828F12_lec1_notes.pdf',636882,'pdf',22,1,NULL,'2026-07-22 09:51:32','2026-07-22 09:51:32'),(109,5,'dccce9be65c1ba7f80a5bb0c6d585ca7_MIT6_828F12_xv6-sourc-rev7.pdf','dccce9be65c1ba7f80a5bb0c6d585ca7_MIT6_828F12_xv6-sourc-rev7.pdf',477204,'pdf',632,1,NULL,'2026-07-22 09:51:32','2026-07-22 09:51:40'),(110,5,'d3fd23854be95985fec9d1f86d4b84d4_MIT6_828F12_lec4_notes.pdf','d3fd23854be95985fec9d1f86d4b84d4_MIT6_828F12_lec4_notes.pdf',538925,'pdf',20,1,NULL,'2026-07-22 09:51:40','2026-07-22 09:51:40'),(111,5,'59fb2d932e7757e28c783892a789d27c_MIT6_828F12_lec4_handout.pdf','59fb2d932e7757e28c783892a789d27c_MIT6_828F12_lec4_handout.pdf',574417,'pdf',9,1,NULL,'2026-07-22 09:51:40','2026-07-22 09:51:40'),(112,5,'703cd534061a287092195cd7b59773bc_MIT6_828F12_lec2_notes.pdf','703cd534061a287092195cd7b59773bc_MIT6_828F12_lec2_notes.pdf',586291,'pdf',34,1,NULL,'2026-07-22 09:51:41','2026-07-22 09:51:41'),(113,5,'d8d03983cf031d08000ac92e1ddc395e_MIT6_828F12_lec21_notes.pdf','d8d03983cf031d08000ac92e1ddc395e_MIT6_828F12_lec21_notes.pdf',549303,'pdf',27,1,NULL,'2026-07-22 09:51:41','2026-07-22 09:51:42'),(114,5,'f69dc55b35dfe9d5e083ab15d443a906_MIT6_828F12_lec5_notes.pdf','f69dc55b35dfe9d5e083ab15d443a906_MIT6_828F12_lec5_notes.pdf',539476,'pdf',16,1,NULL,'2026-07-22 09:51:42','2026-07-22 09:51:42'),(115,5,'61aeb500c947c106349fe64a58af954f_MIT6_828F12_lec18_notes.pdf','61aeb500c947c106349fe64a58af954f_MIT6_828F12_lec18_notes.pdf',545280,'pdf',29,1,NULL,'2026-07-22 09:51:42','2026-07-22 09:51:42'),(116,5,'8513bdccf9253ca1eb98252d67481db3_MIT6_828F12_lec13_notes.pdf','8513bdccf9253ca1eb98252d67481db3_MIT6_828F12_lec13_notes.pdf',542600,'pdf',27,1,NULL,'2026-07-22 09:51:43','2026-07-22 09:51:43'),(117,5,'005e7575c97ad42a9e779d777442a191_MIT6_828F12_lec6_notes.pdf','005e7575c97ad42a9e779d777442a191_MIT6_828F12_lec6_notes.pdf',535109,'pdf',14,1,NULL,'2026-07-22 09:51:43','2026-07-22 09:51:43'),(118,5,'8570fc988e9020ad0689a6aa380792bb_MIT6_828F12_lec22_notes.pdf','8570fc988e9020ad0689a6aa380792bb_MIT6_828F12_lec22_notes.pdf',547505,'pdf',33,1,NULL,'2026-07-22 09:51:43','2026-07-22 09:51:44'),(119,6,'b6082aa6d5f2d006522067a4be4d36d8_L7Security.pdf','b6082aa6d5f2d006522067a4be4d36d8_L7Security.pdf',261310,'pdf',14,1,NULL,'2026-07-22 09:51:44','2026-07-22 09:51:45'),(120,6,'688e36383646b0bf7bf56546733a634c_T1tools.pdf','688e36383646b0bf7bf56546733a634c_T1tools.pdf',136417,'pdf',17,1,NULL,'2026-07-22 09:51:45','2026-07-22 09:51:45'),(121,6,'058eeb2740530b55d78af170e624e8b7_L15selfsim.pdf','058eeb2740530b55d78af170e624e8b7_L15selfsim.pdf',104675,'pdf',12,1,NULL,'2026-07-22 09:51:45','2026-07-22 09:51:46'),(122,6,'b3e86d40a6b7e54a5d89d213b98008bd_L11slides.pdf','b3e86d40a6b7e54a5d89d213b98008bd_L11slides.pdf',141455,'pdf',24,1,NULL,'2026-07-22 09:51:46','2026-07-22 09:51:46'),(123,6,'d81a62b0dc0edaeded4c1529e596d7f7_L2Internetworking.pdf','d81a62b0dc0edaeded4c1529e596d7f7_L2Internetworking.pdf',203190,'pdf',13,1,NULL,'2026-07-22 09:51:46','2026-07-22 09:51:47'),(124,6,'203d1b10b0143521e1351ace9d0e71be_L12alfyxw.pdf','203d1b10b0143521e1351ace9d0e71be_L12alfyxw.pdf',604492,'pdf',5,1,NULL,'2026-07-22 09:51:47','2026-07-22 09:51:47'),(125,6,'44b429c8e1477cb2f322dc156b5a0f41_t2ns.pdf','44b429c8e1477cb2f322dc156b5a0f41_t2ns.pdf',223115,'pdf',12,1,NULL,'2026-07-22 09:51:47','2026-07-22 09:51:47'),(126,6,'e1643f1569e7e26cb5d84b0cac924c35_L17overlay.pdf','e1643f1569e7e26cb5d84b0cac924c35_L17overlay.pdf',209046,'pdf',8,1,NULL,'2026-07-22 09:51:47','2026-07-22 09:51:48'),(127,6,'b46c7ba0a30e36916847592096bb4107_L13servicemodel.pdf','b46c7ba0a30e36916847592096bb4107_L13servicemodel.pdf',86298,'pdf',11,1,NULL,'2026-07-22 09:51:48','2026-07-22 09:51:48'),(128,6,'计算机网络_知识点总结.md','计算机网络_知识点总结.md',37561,'md',51,1,NULL,'2026-07-22 09:51:48','2026-07-22 09:51:49'),(129,6,'计算机网络_谢希仁.md','计算机网络_谢希仁.md',44455,'md',57,1,NULL,'2026-07-22 09:51:49','2026-07-22 09:51:51'),(130,6,'35485a0ecba2d9038ceb9467c0517054_L1PacketSwitch.pdf','35485a0ecba2d9038ceb9467c0517054_L1PacketSwitch.pdf',148513,'pdf',6,1,NULL,'2026-07-22 09:51:51','2026-07-22 09:51:51'),(131,6,'652354194b2231bc04488232729760cd_L8e2ecc.pdf','652354194b2231bc04488232729760cd_L8e2ecc.pdf',313675,'pdf',28,1,NULL,'2026-07-22 09:51:51','2026-07-22 09:51:51'),(132,6,'95a0695355dbafca7f014e364866af12_T11anonymity.pdf','95a0695355dbafca7f014e364866af12_T11anonymity.pdf',100730,'pdf',7,1,NULL,'2026-07-22 09:51:51','2026-07-22 09:51:52'),(133,6,'b86103fb045f7199f9ec3a73fe01fa93_T3IPv6.pdf','b86103fb045f7199f9ec3a73fe01fa93_T3IPv6.pdf',113485,'pdf',8,1,NULL,'2026-07-22 09:51:52','2026-07-22 09:51:52'),(134,6,'c6d11b486a590e067ee67fb3b284fc0f_L3ScalingIP.pdf','c6d11b486a590e067ee67fb3b284fc0f_L3ScalingIP.pdf',127547,'pdf',5,1,NULL,'2026-07-22 09:51:52','2026-07-22 09:51:52'),(135,6,'75f8388241d7920f744f27f28230f014_L9routercc.pdf','75f8388241d7920f744f27f28230f014_L9routercc.pdf',675045,'pdf',16,1,NULL,'2026-07-22 09:51:52','2026-07-22 09:51:53'),(136,6,'f3e7d4d9bee7f8d99ad0d4b3cbae3e55_L0singlelink.pdf','f3e7d4d9bee7f8d99ad0d4b3cbae3e55_L0singlelink.pdf',145533,'pdf',7,1,NULL,'2026-07-22 09:51:53','2026-07-22 09:51:53'),(137,6,'8ad6d3727269f49f9f678fd823c8957c_L22srm.pdf','8ad6d3727269f49f9f678fd823c8957c_L22srm.pdf',63806,'pdf',1,1,NULL,'2026-07-22 09:51:53','2026-07-22 09:51:53'),(138,6,'479e67f03ae682ec58867664687a926e_L4UnicastRtg.pdf','479e67f03ae682ec58867664687a926e_L4UnicastRtg.pdf',863990,'pdf',26,1,NULL,'2026-07-22 09:51:53','2026-07-22 09:51:54'),(139,6,'f0edd24286684dd4ab55caed1e1eab17_L10fq.pdf','f0edd24286684dd4ab55caed1e1eab17_L10fq.pdf',179745,'pdf',26,1,NULL,'2026-07-22 09:51:54','2026-07-22 09:51:54'),(140,6,'bf537ce36f98c6d6f154b755a0007c48_L12cmnick.pdf','bf537ce36f98c6d6f154b755a0007c48_L12cmnick.pdf',74732,'pdf',26,1,NULL,'2026-07-22 09:51:54','2026-07-22 09:51:55'),(141,6,'6821932d61b7e835e3f2aa38fc7f957f_L18dns.pdf','6821932d61b7e835e3f2aa38fc7f957f_L18dns.pdf',320212,'pdf',36,1,NULL,'2026-07-22 09:51:55','2026-07-22 09:51:55'),(142,7,'f5a9c0cbbfc7847208f14e7122ceb77d_cnotes3.pdf','f5a9c0cbbfc7847208f14e7122ceb77d_cnotes3.pdf',225074,'pdf',58,1,NULL,'2026-07-22 09:51:56','2026-07-22 09:51:56'),(143,7,'c9fd670ff2373cd51504feddc4fef9d1_cnotes10.pdf','c9fd670ff2373cd51504feddc4fef9d1_cnotes10.pdf',50577,'pdf',16,1,NULL,'2026-07-22 09:51:57','2026-07-22 09:51:57'),(144,7,'5c4493536832111845f291d3d62a6f38_cnotes5.pdf','5c4493536832111845f291d3d62a6f38_cnotes5.pdf',61946,'pdf',23,1,NULL,'2026-07-22 09:51:57','2026-07-22 09:51:57'),(145,7,'5ab720f0c9da832dd1ce8737ad21131a_cnotes9.pdf','5ab720f0c9da832dd1ce8737ad21131a_cnotes9.pdf',67465,'pdf',27,1,NULL,'2026-07-22 09:51:57','2026-07-22 09:51:58'),(146,7,'fde8c18b46373e9262961027b620636f_cnotes2.pdf','fde8c18b46373e9262961027b620636f_cnotes2.pdf',47775,'pdf',14,1,NULL,'2026-07-22 09:51:58','2026-07-22 09:51:58'),(147,7,'c57003754c71b9f43d8eae03b4362cd5_cnotes1.pdf','c57003754c71b9f43d8eae03b4362cd5_cnotes1.pdf',122420,'pdf',26,1,NULL,'2026-07-22 09:51:58','2026-07-22 09:51:58'),(148,7,'98b70cac8085d893ae06d7bc556a286f_cnotes4.pdf','98b70cac8085d893ae06d7bc556a286f_cnotes4.pdf',67055,'pdf',22,1,NULL,'2026-07-22 09:51:58','2026-07-22 09:51:59'),(149,7,'2595db843b206fcaa30fc563a3c1db94_cnotes7.pdf','2595db843b206fcaa30fc563a3c1db94_cnotes7.pdf',229758,'pdf',38,1,NULL,'2026-07-22 09:51:59','2026-07-22 09:51:59'),(150,7,'ccea41d41a1473d2341559dce5b01e4e_cnotes11.pdf','ccea41d41a1473d2341559dce5b01e4e_cnotes11.pdf',834343,'pdf',165,1,NULL,'2026-07-22 09:51:59','2026-07-22 09:52:02'),(151,7,'e63235a79344dd6698c6aac23285f380_cnotes8.pdf','e63235a79344dd6698c6aac23285f380_cnotes8.pdf',82028,'pdf',17,1,NULL,'2026-07-22 09:52:02','2026-07-22 09:52:02'),(152,7,'e2c44b1eee0792b7da412b01108bbefe_cnotes6.pdf','e2c44b1eee0792b7da412b01108bbefe_cnotes6.pdf',44745,'pdf',13,1,NULL,'2026-07-22 09:52:02','2026-07-22 09:52:02'),(153,8,'1c52fc78a66d5623fcc440b0a98afb77_10_anlystrnsfrmn.pdf','1c52fc78a66d5623fcc440b0a98afb77_10_anlystrnsfrmn.pdf',197511,'pdf',32,1,NULL,'2026-07-22 09:52:03','2026-07-22 09:52:03'),(154,8,'a8fd5194949b300d6ecc23f2b2cd1b94_4regexp_grammars.pdf','a8fd5194949b300d6ecc23f2b2cd1b94_4regexp_grammars.pdf',271170,'pdf',48,1,NULL,'2026-07-22 09:52:03','2026-07-22 09:52:04'),(155,8,'85c9a2efd7ba0a566eafa8ec8f6627a4_10anlystrnsfrmn2.pdf','85c9a2efd7ba0a566eafa8ec8f6627a4_10anlystrnsfrmn2.pdf',149716,'pdf',38,1,NULL,'2026-07-22 09:52:04','2026-07-22 09:52:04'),(156,8,'1e4d5a57621a64b308ddb52e61cff46c_13_registeralloc.pdf','1e4d5a57621a64b308ddb52e61cff46c_13_registeralloc.pdf',104088,'pdf',39,1,NULL,'2026-07-22 09:52:04','2026-07-22 09:52:05'),(157,8,'41f7dfc1934579616240a609947159f0_7_semantic_check.pdf','41f7dfc1934579616240a609947159f0_7_semantic_check.pdf',167379,'pdf',32,1,NULL,'2026-07-22 09:52:05','2026-07-22 09:52:05'),(158,8,'d9a1b8f4c941684ea04b7985fc92a441_3_intrmdatefrmts.pdf','d9a1b8f4c941684ea04b7985fc92a441_3_intrmdatefrmts.pdf',403413,'pdf',73,1,NULL,'2026-07-22 09:52:05','2026-07-22 09:52:06'),(159,8,'80d42de10044c47032e7149d0eefff66_11dataflowanlys.pdf','80d42de10044c47032e7149d0eefff66_11dataflowanlys.pdf',255290,'pdf',70,1,NULL,'2026-07-22 09:52:06','2026-07-22 09:52:07'),(160,8,'d13c04744f2ff9f58d8e075de9d6783a_1_introduction.pdf','d13c04744f2ff9f58d8e075de9d6783a_1_introduction.pdf',437541,'pdf',56,1,NULL,'2026-07-22 09:52:07','2026-07-22 09:52:08'),(161,8,'eb9d5c5c86fdf1cb589d241932ad8521_2scanerparsr_prj.pdf','eb9d5c5c86fdf1cb589d241932ad8521_2scanerparsr_prj.pdf',161494,'pdf',11,1,NULL,'2026-07-22 09:52:08','2026-07-22 09:52:08'),(162,8,'9356991ffa76bfde56cc1cf178854b34_9_unoptimized.pdf','9356991ffa76bfde56cc1cf178854b34_9_unoptimized.pdf',198424,'pdf',56,1,NULL,'2026-07-22 09:52:08','2026-07-22 09:52:09'),(163,8,'ec90cc00790c635e9dc20d9550f80a2d_5shiftreducepars.pdf','ec90cc00790c635e9dc20d9550f80a2d_5shiftreducepars.pdf',442580,'pdf',55,1,NULL,'2026-07-22 09:52:09','2026-07-22 09:52:10'),(164,8,'bb19f1adbcf433355063c2c86127ebc8_6_parsetable.pdf','bb19f1adbcf433355063c2c86127ebc8_6_parsetable.pdf',152958,'pdf',33,1,NULL,'2026-07-22 09:52:10','2026-07-22 09:52:10'),(165,8,'46360a3b19116de3e001f6f4ce49b909_12listscheduling.pdf','46360a3b19116de3e001f6f4ce49b909_12listscheduling.pdf',221566,'pdf',74,1,NULL,'2026-07-22 09:52:10','2026-07-22 09:52:11'),(166,8,'cbcdbc8acc20c11558792e7f71a9db19_8_topdownparsing.pdf','cbcdbc8acc20c11558792e7f71a9db19_8_topdownparsing.pdf',198517,'pdf',50,1,NULL,'2026-07-22 09:52:11','2026-07-22 09:52:12'),(167,8,'b11cb4ffa27f6b5d19a76f8be2fd93cc_14_wrapup.pdf','b11cb4ffa27f6b5d19a76f8be2fd93cc_14_wrapup.pdf',227927,'pdf',31,1,NULL,'2026-07-22 09:52:12','2026-07-22 09:52:12'),(168,8,'编译原理复习指南.md','编译原理复习指南.md',2354,'md',3,1,NULL,'2026-07-22 09:52:12','2026-07-22 09:52:12'),(169,9,'Python数据分析_NumPy进阶.md','Python数据分析_NumPy进阶.md',6466,'md',11,1,NULL,'2026-07-22 09:52:13','2026-07-22 09:52:13'),(170,9,'Python数据分析_Pandas时间序列.md','Python数据分析_Pandas时间序列.md',12172,'md',20,1,NULL,'2026-07-22 09:52:13','2026-07-22 09:52:13'),(171,9,'Python数据分析_Pandas数据聚合.md','Python数据分析_Pandas数据聚合.md',15122,'md',27,1,NULL,'2026-07-22 09:52:13','2026-07-22 09:52:14'),(172,9,'Python数据分析_NumPy基础.md','Python数据分析_NumPy基础.md',16633,'md',30,1,NULL,'2026-07-22 09:52:14','2026-07-22 09:52:15'),(173,9,'Python数据分析_Pandas综合案例.md','Python数据分析_Pandas综合案例.md',12425,'md',28,1,NULL,'2026-07-22 09:52:15','2026-07-22 09:52:15'),(174,9,'Python数据分析_可视化高级.md','Python数据分析_可视化高级.md',13581,'md',27,1,NULL,'2026-07-22 09:52:15','2026-07-22 09:52:16'),(175,9,'Python数据分析_Pandas数据处理.md','Python数据分析_Pandas数据处理.md',29212,'md',52,1,NULL,'2026-07-22 09:52:16','2026-07-22 09:52:17'),(176,9,'Python数据分析_可视化进阶.md','Python数据分析_可视化进阶.md',6880,'md',13,1,NULL,'2026-07-22 09:52:17','2026-07-22 09:52:17'),(177,9,'Python数据分析_Pandas进阶.md','Python数据分析_Pandas进阶.md',17843,'md',37,1,NULL,'2026-07-22 09:52:17','2026-07-22 09:52:18'),(178,9,'Python数据分析_概述.md','Python数据分析_概述.md',8110,'md',11,1,NULL,'2026-07-22 09:52:18','2026-07-22 09:52:18'),(179,9,'Python数据分析_可视化基础.md','Python数据分析_可视化基础.md',15972,'md',30,1,NULL,'2026-07-22 09:52:18','2026-07-22 09:52:18'),(180,1,'Java_Web基础.md','Java_Web基础.md',69671,'md',115,1,NULL,'2026-07-22 13:43:25','2026-07-22 13:43:30'),(181,1,'Java并发编程_基础.md','Java并发编程_基础.md',28035,'md',42,1,NULL,'2026-07-22 13:43:30','2026-07-22 13:43:31'),(182,1,'Java基础_集合框架.md','Java基础_集合框架.md',36397,'md',54,1,NULL,'2026-07-22 13:43:31','2026-07-22 13:43:32'),(183,1,'Java基础_面向对象.md','Java基础_面向对象.md',46193,'md',75,1,NULL,'2026-07-22 13:43:32','2026-07-22 13:43:34'),(184,1,'Java基础_核心概念.md','Java基础_核心概念.md',67463,'md',114,1,NULL,'2026-07-22 13:43:34','2026-07-22 13:43:36'),(185,1,'Java_进阶.md','Java_进阶.md',18125,'md',41,1,NULL,'2026-07-22 13:43:36','2026-07-22 13:43:37'),(186,1,'Java_集合框架.md','Java_集合框架.md',36803,'md',55,1,NULL,'2026-07-22 13:43:37','2026-07-22 13:43:38'),(187,1,'JVM_入门介绍.md','JVM_入门介绍.md',41913,'md',72,1,NULL,'2026-07-22 13:43:38','2026-07-22 13:43:39'),(188,1,'Java集合_详解.md','Java集合_详解.md',35924,'md',67,1,NULL,'2026-07-22 13:43:39','2026-07-22 13:43:40'),(189,2,'SQL_练习.md','SQL_练习.md',22238,'md',60,1,NULL,'2026-07-22 13:43:41','2026-07-22 13:43:42'),(190,2,'数据库设计_MySQL核心.md','数据库设计_MySQL核心.md',78457,'md',118,1,NULL,'2026-07-22 13:43:42','2026-07-22 13:43:45'),(191,2,'Spring_Boot_MyBatis整合.md','Spring_Boot_MyBatis整合.md',9785,'md',23,1,NULL,'2026-07-22 13:43:45','2026-07-22 13:43:45'),(192,2,'MySQL_面试题总结.md','MySQL_面试题总结.md',78457,'md',118,1,NULL,'2026-07-22 13:43:45','2026-07-22 13:43:47'),(193,2,'MyBatis_面试题.md','MyBatis_面试题.md',18737,'md',29,1,NULL,'2026-07-22 13:43:47','2026-07-22 13:43:48'),(194,2,'Spring_Boot_MyBatis-Plus.md','Spring_Boot_MyBatis-Plus.md',35887,'md',75,1,NULL,'2026-07-22 13:43:48','2026-07-22 13:43:49'),(195,2,'Redis_核心知识点.md','Redis_核心知识点.md',53860,'md',84,1,NULL,'2026-07-22 13:43:49','2026-07-22 13:43:50'),(196,2,'MySQL数据库原理.md','MySQL数据库原理.md',72482,'md',100,2,'400 - {\"code\":20015,\"message\":\"The parameter is invalid. Please check again.\",\"data\":null}','2026-07-22 13:43:50','2026-07-22 13:43:50'),(197,2,'数据库系统原理.md','数据库系统原理.md',25217,'md',40,1,NULL,'2026-07-22 13:43:51','2026-07-22 13:43:52'),(198,3,'JavaScript_编码规范.md','JavaScript_编码规范.md',129525,'md',355,1,NULL,'2026-07-22 13:43:52','2026-07-22 13:43:58'),(199,3,'前端_Axios请求库.md','前端_Axios请求库.md',75661,'md',209,1,NULL,'2026-07-22 13:43:58','2026-07-22 13:44:00'),(200,3,'前端_AlloyTeam技术.md','前端_AlloyTeam技术.md',1368,'md',4,1,NULL,'2026-07-22 13:44:00','2026-07-22 13:44:00'),(201,3,'前端_面试题汇总.md','前端_面试题汇总.md',97527,'md',142,1,NULL,'2026-07-22 13:44:00','2026-07-22 13:44:03'),(202,3,'Vue3_官方README.md','Vue3_官方README.md',2487,'md',7,1,NULL,'2026-07-22 13:44:03','2026-07-22 13:44:03'),(203,3,'前端_Bootstrap框架.md','前端_Bootstrap框架.md',13621,'md',38,1,NULL,'2026-07-22 13:44:03','2026-07-22 13:44:04'),(204,3,'Vue3入门.md','Vue3入门.md',12443,'md',20,1,NULL,'2026-07-22 13:44:04','2026-07-22 13:44:04'),(205,4,'数据结构与算法_线性表查找.md','数据结构与算法_线性表查找.md',10413,'md',17,1,NULL,'2026-07-22 13:44:05','2026-07-22 13:44:05'),(206,4,'数据结构与算法_堆.md','数据结构与算法_堆.md',2357,'md',3,1,NULL,'2026-07-22 13:44:05','2026-07-22 13:44:05'),(207,4,'数据结构与算法_指南.md','数据结构与算法_指南.md',1204,'md',2,1,NULL,'2026-07-22 13:44:05','2026-07-22 13:44:05'),(208,4,'算法_王争.md','算法_王争.md',2732,'md',3,1,NULL,'2026-07-22 13:44:05','2026-07-22 13:44:06'),(209,4,'数据结构与算法_B加树.md','数据结构与算法_B加树.md',5023,'md',6,1,NULL,'2026-07-22 13:44:06','2026-07-22 13:44:06'),(210,4,'数据结构与算法_红黑树.md','数据结构与算法_红黑树.md',10259,'md',12,1,NULL,'2026-07-22 13:44:06','2026-07-22 13:44:06'),(211,4,'数据结构与算法_哈希表.md','数据结构与算法_哈希表.md',10688,'md',12,1,NULL,'2026-07-22 13:44:06','2026-07-22 13:44:07'),(212,4,'数据结构与算法_图.md','数据结构与算法_图.md',3498,'md',6,1,NULL,'2026-07-22 13:44:07','2026-07-22 13:44:07'),(213,4,'数据结构与算法_栈和队列.md','数据结构与算法_栈和队列.md',4965,'md',6,1,NULL,'2026-07-22 13:44:07','2026-07-22 13:44:07'),(214,4,'数据结构与算法_树和二叉树.md','数据结构与算法_树和二叉树.md',11986,'md',15,1,NULL,'2026-07-22 13:44:07','2026-07-22 13:44:08'),(215,4,'数据结构与算法_跳表.md','数据结构与算法_跳表.md',6640,'md',8,1,NULL,'2026-07-22 13:44:08','2026-07-22 13:44:09'),(216,4,'数据结构与算法_复杂度分析.md','数据结构与算法_复杂度分析.md',5139,'md',8,1,NULL,'2026-07-22 13:44:09','2026-07-22 13:44:09'),(217,4,'数据结构与算法_线性表排序.md','数据结构与算法_线性表排序.md',36329,'md',54,1,NULL,'2026-07-22 13:44:09','2026-07-22 13:44:11'),(218,4,'数据结构与算法_数组和链表.md','数据结构与算法_数组和链表.md',15431,'md',27,1,NULL,'2026-07-22 13:44:11','2026-07-22 13:44:11'),(219,4,'数据结构与算法_字典树.md','数据结构与算法_字典树.md',5376,'md',7,1,NULL,'2026-07-22 13:44:11','2026-07-22 13:44:12'),(220,5,'计算机组成原理.md','计算机组成原理.md',167608,'md',255,1,NULL,'2026-07-22 13:44:12','2026-07-22 13:44:19'),(221,5,'操作系统_复习知识整理.md','操作系统_复习知识整理.md',129702,'md',171,1,NULL,'2026-07-22 13:44:19','2026-07-22 13:44:24'),(222,5,'计算机操作系统.md','计算机操作系统.md',44818,'md',69,1,NULL,'2026-07-22 13:44:24','2026-07-22 13:44:25'),(223,5,'Linux基础知识总结.md','Linux基础知识总结.md',65757,'md',97,1,NULL,'2026-07-22 13:44:25','2026-07-22 13:44:27'),(224,5,'操作系统_设备管理.md','操作系统_设备管理.md',2899,'md',4,1,NULL,'2026-07-22 13:44:27','2026-07-22 13:44:28'),(225,5,'操作系统_进程管理.md','操作系统_进程管理.md',23002,'md',43,1,NULL,'2026-07-22 13:44:28','2026-07-22 13:44:29'),(226,5,'操作系统_目录.md','操作系统_目录.md',1217,'md',4,1,NULL,'2026-07-22 13:44:29','2026-07-22 13:44:29'),(227,5,'操作系统_内存管理.md','操作系统_内存管理.md',7998,'md',10,1,NULL,'2026-07-22 13:44:29','2026-07-22 13:44:29'),(228,6,'计算机网络_链路层.md','计算机网络_链路层.md',11655,'md',18,1,NULL,'2026-07-22 13:44:30','2026-07-22 13:44:30'),(229,6,'Socket编程.md','Socket编程.md',14169,'md',27,1,NULL,'2026-07-22 13:44:30','2026-07-22 13:44:31'),(230,6,'计算机网络_传输层.md','计算机网络_传输层.md',11561,'md',15,1,NULL,'2026-07-22 13:44:31','2026-07-22 13:44:32'),(231,6,'计算机网络_目录.md','计算机网络_目录.md',1796,'md',6,1,NULL,'2026-07-22 13:44:32','2026-07-22 13:44:32'),(232,6,'HTTP协议详解.md','HTTP协议详解.md',40344,'md',66,1,NULL,'2026-07-22 13:44:32','2026-07-22 13:44:33'),(233,6,'计算机网络_知识点总结.md','计算机网络_知识点总结.md',37561,'md',51,1,NULL,'2026-07-22 13:44:33','2026-07-22 13:44:36'),(234,6,'计算机网络_谢希仁.md','计算机网络_谢希仁.md',44455,'md',57,1,NULL,'2026-07-22 13:44:36','2026-07-22 13:44:38'),(235,6,'计算机网络_应用层.md','计算机网络_应用层.md',10605,'md',16,1,NULL,'2026-07-22 13:44:38','2026-07-22 13:44:38'),(236,6,'HTTP协议.md','HTTP协议.md',40344,'md',66,1,NULL,'2026-07-22 13:44:38','2026-07-22 13:44:40'),(237,6,'计算机网络_网络层.md','计算机网络_网络层.md',15245,'md',21,1,NULL,'2026-07-22 13:44:40','2026-07-22 13:44:41'),(238,7,'软件工程_设计模式笔记.md','软件工程_设计模式笔记.md',85268,'md',200,1,NULL,'2026-07-22 13:44:41','2026-07-22 13:44:46'),(239,7,'Git_详细笔记.md','Git_详细笔记.md',7276,'md',12,1,NULL,'2026-07-22 13:44:46','2026-07-22 13:44:46'),(240,7,'Git_版本控制.md','Git_版本控制.md',7276,'md',12,1,NULL,'2026-07-22 13:44:46','2026-07-22 13:44:46'),(241,7,'如何聪明地提问.md','如何聪明地提问.md',64025,'md',67,1,NULL,'2026-07-22 13:44:46','2026-07-22 13:44:49'),(242,7,'设计模式_目录.md','设计模式_目录.md',1992,'md',4,1,NULL,'2026-07-22 13:44:49','2026-07-22 13:44:49'),(243,8,'编译原理复习指南.md','编译原理复习指南.md',2354,'md',3,1,NULL,'2026-07-22 13:44:50','2026-07-22 13:44:51'),(244,10,'Linux_命令行艺术.md','Linux_命令行艺术.md',40555,'md',62,1,NULL,'2026-07-22 13:44:51','2026-07-22 13:44:53'),(245,10,'Linux_笔记.md','Linux_笔记.md',44750,'md',71,1,NULL,'2026-07-22 13:44:53','2026-07-22 13:44:55'),(246,10,'Linux_Tmux终端.md','Linux_Tmux终端.md',2231,'md',6,1,NULL,'2026-07-22 13:44:55','2026-07-22 13:44:56'),(247,10,'Linux_系统管理笔记.md','Linux_系统管理笔记.md',44750,'md',71,1,NULL,'2026-07-22 13:44:56','2026-07-22 13:44:57'),(248,9,'Python数据分析_NumPy进阶.md','Python数据分析_NumPy进阶.md',6466,'md',11,1,NULL,'2026-07-22 13:44:58','2026-07-22 13:44:58'),(249,9,'Python数据分析_Pandas时间序列.md','Python数据分析_Pandas时间序列.md',12172,'md',20,1,NULL,'2026-07-22 13:44:58','2026-07-22 13:44:58'),(250,9,'Python数据分析_Pandas数据聚合.md','Python数据分析_Pandas数据聚合.md',15122,'md',27,1,NULL,'2026-07-22 13:44:58','2026-07-22 13:44:59'),(251,9,'Python数据分析_NumPy基础.md','Python数据分析_NumPy基础.md',16633,'md',30,1,NULL,'2026-07-22 13:44:59','2026-07-22 13:44:59'),(252,9,'NumPy_官方README.md','NumPy_官方README.md',4232,'md',13,1,NULL,'2026-07-22 13:44:59','2026-07-22 13:45:00'),(253,9,'Python数据分析_Pandas综合案例.md','Python数据分析_Pandas综合案例.md',12425,'md',28,1,NULL,'2026-07-22 13:45:00','2026-07-22 13:45:00'),(254,9,'Matplotlib_官方README.md','Matplotlib_官方README.md',3972,'md',13,1,NULL,'2026-07-22 13:45:00','2026-07-22 13:45:01'),(255,9,'Python数据分析_可视化高级.md','Python数据分析_可视化高级.md',13581,'md',27,1,NULL,'2026-07-22 13:45:01','2026-07-22 13:45:01'),(256,9,'Python数据分析_Pandas数据处理.md','Python数据分析_Pandas数据处理.md',29212,'md',52,1,NULL,'2026-07-22 13:45:01','2026-07-22 13:45:02'),(257,9,'Python数据分析_可视化进阶.md','Python数据分析_可视化进阶.md',6880,'md',13,1,NULL,'2026-07-22 13:45:02','2026-07-22 13:45:02'),(258,9,'Pandas_官方README.md','Pandas_官方README.md',11348,'md',35,1,NULL,'2026-07-22 13:45:03','2026-07-22 13:45:03'),(259,9,'Python数据分析_Pandas进阶.md','Python数据分析_Pandas进阶.md',17843,'md',37,1,NULL,'2026-07-22 13:45:03','2026-07-22 13:45:04'),(260,9,'Python数据分析_概述.md','Python数据分析_概述.md',8110,'md',11,1,NULL,'2026-07-22 13:45:04','2026-07-22 13:45:04'),(261,9,'Python数据分析_可视化基础.md','Python数据分析_可视化基础.md',15972,'md',30,1,NULL,'2026-07-22 13:45:04','2026-07-22 13:45:05'),(262,11,'深度学习_循环神经网络.md','深度学习_循环神经网络.md',2284,'md',3,1,NULL,'2026-07-22 13:45:05','2026-07-22 13:45:05'),(263,11,'深度学习_多层感知机.md','深度学习_多层感知机.md',1110,'md',2,1,NULL,'2026-07-22 13:45:05','2026-07-22 13:45:05'),(264,11,'深度学习_注意力机制.md','深度学习_注意力机制.md',1790,'md',2,1,NULL,'2026-07-22 13:45:05','2026-07-22 13:45:06'),(265,11,'深度学习_卷积神经网络.md','深度学习_卷积神经网络.md',2515,'md',3,1,NULL,'2026-07-22 13:45:06','2026-07-22 13:45:06'),(266,11,'深度学习_导论.md','深度学习_导论.md',67498,'md',79,1,NULL,'2026-07-22 13:45:06','2026-07-22 13:45:08'),(267,11,'深度学习_线性网络.md','深度学习_线性网络.md',784,'md',1,1,NULL,'2026-07-22 13:45:08','2026-07-22 13:45:08'),(268,11,'深度学习_优化算法.md','深度学习_优化算法.md',1381,'md',2,1,NULL,'2026-07-22 13:45:08','2026-07-22 13:45:08'),(269,12,'Docker_官方文档.md','Docker_官方文档.md',9154,'md',26,1,NULL,'2026-07-22 13:45:08','2026-07-22 13:45:09'),(270,12,'容器化_进程管理.md','容器化_进程管理.md',13122,'md',40,1,NULL,'2026-07-22 13:45:09','2026-07-22 13:45:10'),(271,12,'Kubernetes_基础教程.md','Kubernetes_基础教程.md',6370,'md',17,1,NULL,'2026-07-22 13:45:10','2026-07-22 13:45:10'),(272,12,'云计算_Docker速查表.md','云计算_Docker速查表.md',43222,'md',124,1,NULL,'2026-07-22 13:45:10','2026-07-22 13:45:11'),(273,12,'Docker_速查表.md','Docker_速查表.md',43222,'md',124,1,NULL,'2026-07-22 13:45:11','2026-07-22 13:45:13'),(274,12,'Docker_Labs教程.md','Docker_Labs教程.md',1955,'md',6,1,NULL,'2026-07-22 13:45:13','2026-07-22 13:45:13'),(275,12,'K8s_实战手册.md','K8s_实战手册.md',4651,'md',7,1,NULL,'2026-07-22 13:45:13','2026-07-22 13:45:14'),(276,13,'Flink_官方README.md','Flink_官方README.md',7661,'md',23,1,NULL,'2026-07-22 13:45:14','2026-07-22 13:45:14'),(277,13,'大数据技术_指南.md','大数据技术_指南.md',10191,'md',24,1,NULL,'2026-07-22 13:45:14','2026-07-22 13:45:15'),(278,13,'Spark_官方README.md','Spark_官方README.md',20121,'md',48,1,NULL,'2026-07-22 13:45:15','2026-07-22 13:45:15'),(279,14,'就业指导_简历模板.md','就业指导_简历模板.md',831,'md',2,1,NULL,'2026-07-22 13:45:15','2026-07-22 13:45:16'),(280,15,'开源_GitHub技巧.md','开源_GitHub技巧.md',42306,'md',120,1,NULL,'2026-07-22 13:45:16','2026-07-22 13:45:17'),(281,15,'Jekyll博客搭建.md','Jekyll博客搭建.md',19946,'md',64,1,NULL,'2026-07-22 13:45:18','2026-07-22 13:45:18'),(282,15,'开源_Awesome资源.md','开源_Awesome资源.md',79614,'md',224,1,NULL,'2026-07-22 13:45:18','2026-07-22 13:45:21'),(283,15,'开源_首次贡献指南.md','开源_首次贡献指南.md',25775,'md',64,1,NULL,'2026-07-22 13:45:21','2026-07-22 13:45:22'),(284,16,'Spring_Boot_拦截器.md','Spring_Boot_拦截器.md',11841,'md',28,1,NULL,'2026-07-22 13:45:23','2026-07-22 13:45:23'),(285,16,'Spring_Boot_JPA基础.md','Spring_Boot_JPA基础.md',10709,'md',23,1,NULL,'2026-07-22 13:45:23','2026-07-22 13:45:23'),(286,16,'Spring_Boot_异常处理.md','Spring_Boot_异常处理.md',8469,'md',19,1,NULL,'2026-07-22 13:45:23','2026-07-22 13:45:24'),(287,16,'Spring_Boot_RESTful服务.md','Spring_Boot_RESTful服务.md',6067,'md',13,1,NULL,'2026-07-22 13:45:24','2026-07-22 13:45:24'),(288,16,'Spring_官方README.md','Spring_官方README.md',3015,'md',10,1,NULL,'2026-07-22 13:45:24','2026-07-22 13:45:24'),(289,16,'Spring框架_核心知识点.md','Spring框架_核心知识点.md',66667,'md',114,1,NULL,'2026-07-22 13:45:24','2026-07-22 13:45:26'),(290,16,'Spring_知识汇总.md','Spring_知识汇总.md',66667,'md',114,1,NULL,'2026-07-22 13:45:26','2026-07-22 13:45:28'),(291,16,'Spring_Boot_入门介绍.md','Spring_Boot_入门介绍.md',4449,'md',8,1,NULL,'2026-07-22 13:45:28','2026-07-22 13:45:28'),(292,16,'Spring_Boot_Swagger集成.md','Spring_Boot_Swagger集成.md',8719,'md',20,1,NULL,'2026-07-22 13:45:28','2026-07-22 13:45:29'),(293,16,'企业级开发_SpringBoot教程.md','企业级开发_SpringBoot教程.md',13488,'md',39,1,NULL,'2026-07-22 13:45:29','2026-07-22 13:45:29'),(294,16,'Spring_Boot_过滤器.md','Spring_Boot_过滤器.md',8171,'md',18,1,NULL,'2026-07-22 13:45:29','2026-07-22 13:45:30'),(295,16,'Spring框架核心知识点.md','Spring框架核心知识点.md',65705,'md',112,1,NULL,'2026-07-22 13:45:30','2026-07-22 13:45:32'),(296,16,'Spring_Boot_配置读取.md','Spring_Boot_配置读取.md',7333,'md',16,1,NULL,'2026-07-22 13:45:32','2026-07-22 13:45:32'),(297,17,'LeetCode_题解全集.md','LeetCode_题解全集.md',131,'md',1,1,NULL,'2026-07-22 13:45:32','2026-07-22 13:45:32'),(298,17,'ACM_Codeforces题解.md','ACM_Codeforces题解.md',21303,'md',44,1,NULL,'2026-07-22 13:45:32','2026-07-22 13:45:33'),(299,17,'算法_LeetCode题解.md','算法_LeetCode题解.md',1498,'md',3,1,NULL,'2026-07-22 13:45:33','2026-07-22 13:45:33'),(300,17,'算法_LeetCode多语言.md','算法_LeetCode多语言.md',21393,'md',48,1,NULL,'2026-07-22 13:45:33','2026-07-22 13:45:34'),(301,17,'算法_代码随想录.md','算法_代码随想录.md',28442,'md',55,1,NULL,'2026-07-22 13:45:34','2026-07-22 13:45:35'),(302,17,'算法_目录.md','算法_目录.md',367,'md',1,1,NULL,'2026-07-22 13:45:35','2026-07-22 13:45:35'),(303,17,'算法_LeetCodeGo.md','算法_LeetCodeGo.md',233362,'md',568,1,NULL,'2026-07-22 13:45:35','2026-07-22 13:45:42');
/*!40000 ALTER TABLE `kb_document` ENABLE KEYS */;
UNLOCK TABLES;

--
-- Table structure for table `kb_knowledge_base`
--

DROP TABLE IF EXISTS `kb_knowledge_base`;
/*!40101 SET @saved_cs_client     = @@character_set_client */;
/*!50503 SET character_set_client = utf8mb4 */;
CREATE TABLE `kb_knowledge_base` (
  `id` bigint NOT NULL AUTO_INCREMENT COMMENT '知识库ID',
  `name` varchar(200) NOT NULL COMMENT '知识库名称',
  `description` varchar(500) DEFAULT NULL COMMENT '知识库描述',
  `collection_name` varchar(100) DEFAULT NULL COMMENT 'Chroma 集合名称',
  `status` tinyint NOT NULL DEFAULT '1' COMMENT '状态：0=停用，1=正常',
  `created_by` bigint DEFAULT NULL COMMENT '创建人用户ID',
  `created_at` datetime NOT NULL DEFAULT CURRENT_TIMESTAMP COMMENT '创建时间',
  `updated_at` datetime NOT NULL DEFAULT CURRENT_TIMESTAMP ON UPDATE CURRENT_TIMESTAMP COMMENT '更新时间',
  PRIMARY KEY (`id`),
  KEY `idx_kb_status` (`status`),
  KEY `fk_kb_created_by` (`created_by`),
  CONSTRAINT `fk_kb_created_by` FOREIGN KEY (`created_by`) REFERENCES `tb_user` (`id`) ON DELETE SET NULL ON UPDATE CASCADE
) ENGINE=InnoDB AUTO_INCREMENT=18 DEFAULT CHARSET=utf8mb4 COLLATE=utf8mb4_0900_ai_ci COMMENT='知识库表';
/*!40101 SET character_set_client = @saved_cs_client */;

--
-- Dumping data for table `kb_knowledge_base`
--

LOCK TABLES `kb_knowledge_base` WRITE;
/*!40000 ALTER TABLE `kb_knowledge_base` DISABLE KEYS */;
INSERT INTO `kb_knowledge_base` VALUES (1,'Java Web 开发实战','Java Web 开发实战','kb_1784685015832',1,NULL,'2026-07-22 09:50:16','2026-07-22 13:48:43'),(2,'数据库设计与 MyBatis Plus','数据库设计与 MyBatis Plus','kb_1784685031304',1,NULL,'2026-07-22 09:50:31','2026-07-22 13:48:43'),(3,'前端工程化与 Vue3','前端工程化与 Vue3','kb_1784685046178',1,NULL,'2026-07-22 09:50:46','2026-07-22 13:48:43'),(4,'数据结构与算法','数据结构与算法','kb_1784685046773',1,NULL,'2026-07-22 09:50:46','2026-07-22 13:48:43'),(5,'操作系统','操作系统','kb_1784685070985',1,NULL,'2026-07-22 09:51:10','2026-07-22 13:48:43'),(6,'计算机网络','计算机网络','kb_1784685104693',1,NULL,'2026-07-22 09:51:44','2026-07-22 13:48:43'),(7,'软件工程','软件工程','kb_1784685116069',1,NULL,'2026-07-22 09:51:56','2026-07-22 13:48:43'),(8,'编译原理','编译原理','kb_1784685123024',1,NULL,'2026-07-22 09:52:03','2026-07-22 13:48:43'),(9,'Python 数据分析','Python 数据分析','kb_1784685133127',1,NULL,'2026-07-22 09:52:13','2026-07-22 13:48:43'),(10,'Linux 系统管理','Linux 系统管理 课程知识库','kb_1784699091846',1,NULL,'2026-07-22 13:44:51','2026-07-22 13:44:51'),(11,'深度学习导论','深度学习导论 课程知识库','kb_1784699105332',1,NULL,'2026-07-22 13:45:05','2026-07-22 13:45:05'),(12,'云计算与容器技术','云计算与容器技术 课程知识库','kb_1784699108846',1,NULL,'2026-07-22 13:45:08','2026-07-22 13:45:08'),(13,'大数据技术基础','大数据技术基础 课程知识库','kb_1784699114231',1,NULL,'2026-07-22 13:45:14','2026-07-22 13:45:14'),(14,'大学生职业发展与就业指导','大学生职业发展与就业指导 课程知识库','kb_1784699115880',1,NULL,'2026-07-22 13:45:15','2026-07-22 13:45:15'),(15,'开源软件项目实践','开源软件项目实践 课程知识库','kb_1784699116241',1,NULL,'2026-07-22 13:45:16','2026-07-22 13:45:16'),(16,'企业级项目开发实训','企业级项目开发实训 课程知识库','kb_1784699123060',1,NULL,'2026-07-22 13:45:23','2026-07-22 13:45:23'),(17,'ACM 程序设计竞赛训练','ACM 程序设计竞赛训练 课程知识库','kb_1784699132663',1,NULL,'2026-07-22 13:45:32','2026-07-22 13:45:32');
/*!40000 ALTER TABLE `kb_knowledge_base` ENABLE KEYS */;
UNLOCK TABLES;

--
-- Table structure for table `tb_academic_warning`
--

DROP TABLE IF EXISTS `tb_academic_warning`;
/*!40101 SET @saved_cs_client     = @@character_set_client */;
/*!50503 SET character_set_client = utf8mb4 */;
CREATE TABLE `tb_academic_warning` (
  `id` bigint NOT NULL AUTO_INCREMENT COMMENT '预警记录ID',
  `student_id` bigint NOT NULL COMMENT '学生ID，对应 tb_user.id',
  `course_id` bigint NOT NULL COMMENT '课程ID，对应 tb_course.id',
  `enrollment_id` bigint DEFAULT NULL COMMENT '选课记录ID，对应 tb_enrollment.id',
  `warning_type` tinyint NOT NULL COMMENT '预警类型：1=期中预警，2=期末预警，3=考勤预警',
  `severity` tinyint NOT NULL DEFAULT '1' COMMENT '严重程度：1=一般，2=严重，3=非常严重',
  `current_score` decimal(5,2) DEFAULT NULL COMMENT '触发预警时的成绩',
  `threshold_score` decimal(5,2) DEFAULT NULL COMMENT '触发阈值',
  `description` varchar(500) DEFAULT NULL COMMENT '预警描述',
  `status` tinyint NOT NULL DEFAULT '0' COMMENT '状态：0=未处理，1=已通知，2=已处理',
  `processed_by` bigint DEFAULT NULL COMMENT '处理人ID，对应 tb_user.id',
  `process_comment` varchar(500) DEFAULT NULL COMMENT '处理意见',
  `created_at` datetime NOT NULL DEFAULT CURRENT_TIMESTAMP COMMENT '创建时间',
  `updated_at` datetime NOT NULL DEFAULT CURRENT_TIMESTAMP ON UPDATE CURRENT_TIMESTAMP COMMENT '更新时间',
  `processed_at` datetime DEFAULT NULL COMMENT '处理时间',
  PRIMARY KEY (`id`),
  KEY `idx_warning_student` (`student_id`),
  KEY `idx_warning_status` (`status`),
  KEY `idx_warning_created` (`created_at`),
  KEY `fk_warning_course` (`course_id`),
  KEY `fk_warning_enrollment` (`enrollment_id`),
  KEY `fk_warning_processor` (`processed_by`),
  CONSTRAINT `fk_warning_course` FOREIGN KEY (`course_id`) REFERENCES `tb_course` (`id`) ON DELETE RESTRICT ON UPDATE CASCADE,
  CONSTRAINT `fk_warning_enrollment` FOREIGN KEY (`enrollment_id`) REFERENCES `tb_enrollment` (`id`) ON DELETE RESTRICT ON UPDATE CASCADE,
  CONSTRAINT `fk_warning_processor` FOREIGN KEY (`processed_by`) REFERENCES `tb_user` (`id`) ON DELETE RESTRICT ON UPDATE CASCADE,
  CONSTRAINT `fk_warning_student` FOREIGN KEY (`student_id`) REFERENCES `tb_user` (`id`) ON DELETE RESTRICT ON UPDATE CASCADE
) ENGINE=InnoDB AUTO_INCREMENT=2 DEFAULT CHARSET=utf8mb4 COLLATE=utf8mb4_0900_ai_ci COMMENT='学业预警表';
/*!40101 SET character_set_client = @saved_cs_client */;

--
-- Dumping data for table `tb_academic_warning`
--

LOCK TABLES `tb_academic_warning` WRITE;
/*!40000 ALTER TABLE `tb_academic_warning` DISABLE KEYS */;
INSERT INTO `tb_academic_warning` VALUES (1,201,9101,9246,2,3,20.00,60.00,'课程最终成绩 20.0 分，未达到 60 分及格线。',0,NULL,NULL,'2026-07-22 11:51:48','2026-07-22 11:51:48',NULL);
/*!40000 ALTER TABLE `tb_academic_warning` ENABLE KEYS */;
UNLOCK TABLES;

--
-- Table structure for table `tb_assignment`
--

DROP TABLE IF EXISTS `tb_assignment`;
/*!40101 SET @saved_cs_client     = @@character_set_client */;
/*!50503 SET character_set_client = utf8mb4 */;
CREATE TABLE `tb_assignment` (
  `id` bigint NOT NULL AUTO_INCREMENT COMMENT '作业ID',
  `course_id` bigint NOT NULL COMMENT '课程ID，对应 tb_course.id',
  `teacher_id` bigint NOT NULL COMMENT '发布教师ID，对应 tb_user.id',
  `title` varchar(100) NOT NULL COMMENT '作业标题',
  `description` text COMMENT '作业说明',
  `full_score` int NOT NULL DEFAULT '100' COMMENT '满分',
  `start_time` datetime NOT NULL DEFAULT CURRENT_TIMESTAMP COMMENT '学生可开始作业的时间',
  `deadline` datetime NOT NULL COMMENT '截止时间',
  `allow_late_submission` tinyint NOT NULL DEFAULT '0' COMMENT '是否允许延期提交：0=不允许，1=允许',
  `status` tinyint NOT NULL DEFAULT '1' COMMENT '作业状态：0=草稿，1=已发布，2=已截止',
  `published_at` datetime DEFAULT NULL COMMENT '正式发布时间，草稿可为空',
  `created_at` datetime NOT NULL DEFAULT CURRENT_TIMESTAMP COMMENT '创建时间',
  `updated_at` datetime NOT NULL DEFAULT CURRENT_TIMESTAMP ON UPDATE CURRENT_TIMESTAMP COMMENT '更新时间',
  `deleted` tinyint NOT NULL DEFAULT '0' COMMENT '逻辑删除：0=正常，1=删除',
  PRIMARY KEY (`id`),
  KEY `idx_assignment_course` (`course_id`),
  KEY `idx_assignment_teacher` (`teacher_id`),
  KEY `idx_assignment_deadline` (`deadline`),
  CONSTRAINT `fk_assignment_course` FOREIGN KEY (`course_id`) REFERENCES `tb_course` (`id`) ON DELETE RESTRICT ON UPDATE CASCADE,
  CONSTRAINT `fk_assignment_teacher` FOREIGN KEY (`teacher_id`) REFERENCES `tb_user` (`id`) ON DELETE RESTRICT ON UPDATE CASCADE
) ENGINE=InnoDB AUTO_INCREMENT=2026071433 DEFAULT CHARSET=utf8mb4 COLLATE=utf8mb4_0900_ai_ci COMMENT='作业表';
/*!40101 SET character_set_client = @saved_cs_client */;

--
-- Dumping data for table `tb_assignment`
--

LOCK TABLES `tb_assignment` WRITE;
/*!40000 ALTER TABLE `tb_assignment` DISABLE KEYS */;
INSERT INTO `tb_assignment` VALUES (9301,9101,9002,'第一次作业：登录接口联调','完成登录接口调用，记录请求、响应和异常处理。',100,'2026-07-09 22:39:30','2026-07-20 23:59:59',0,1,'2026-07-09 22:39:30','2026-07-09 22:39:30','2026-07-14 09:51:11',0),(9302,9101,9002,'第二次作业：课程模块 CRUD','完成课程列表、新增、编辑和状态修改接口测试。',100,'2026-07-09 22:39:30','2026-07-27 23:59:59',0,0,NULL,'2026-07-09 22:39:30','2026-07-14 09:51:11',0),(9303,9102,9002,'MyBatis Plus 实体映射练习','整理实体类注解、Mapper 继承和逻辑删除说明。',100,'2026-07-09 22:39:30','2026-07-25 23:59:59',0,1,'2026-07-09 22:39:30','2026-07-09 22:39:30','2026-07-14 09:51:11',0),(9304,9103,9003,'Vue3 页面组件拆分','完成登录页和基础布局组件拆分。',100,'2026-07-09 22:39:30','2026-07-18 23:59:59',0,2,'2026-07-09 22:39:30','2026-07-09 22:39:30','2026-07-14 09:51:11',0),(2026071401,9201,1001,'Python 数据分析：Pandas 数据清洗实践','下载课程提供的销售数据集，完成缺失值处理、重复数据清理、字段类型转换，并提交一份包含关键代码、处理说明和结果截图的分析报告。',100,'2026-07-10 08:00:00','2026-07-25 23:59:59',0,1,'2026-07-09 10:00:00','2026-07-09 10:00:00','2026-07-09 10:00:00',0),(2026071402,9301,1001,'大学生心理健康教育：个人压力管理计划','结合课程中的压力识别方法，记录一周内主要压力事件，分析情绪与行为反应，并制定一份可执行的个人压力管理计划。内容不少于 800 字。',100,'2026-07-20 08:00:00','2026-08-03 23:59:59',0,1,'2026-07-14 09:00:00','2026-07-14 09:00:00','2026-07-14 09:00:00',0),(2026071403,9110,1000,'安装linux系统','安装虚拟机，安装linux系统',100,'2026-07-14 11:41:02','2026-07-31 00:00:00',0,1,NULL,'2026-07-14 11:41:02','2026-07-14 11:41:02',0),(2026071404,9101,1000,'第一次作业：登录接口联调','完成登录接口调用，记录请求、响应和异常处理。',100,'2026-07-18 13:28:51','2026-08-20 23:59:59',0,1,NULL,'2026-07-18 13:28:51','2026-07-18 13:28:51',0),(2026071405,9101,1000,'第二次作业：课程模块 CRUD','完成课程列表、新增、编辑和状态修改接口测试。',100,'2026-07-18 13:28:51','2026-08-27 23:59:59',0,0,NULL,'2026-07-18 13:28:51','2026-07-18 13:28:51',0),(2026071406,9102,1000,'MyBatis Plus 实体映射练习','整理实体类注解、Mapper 继承和逻辑删除说明。',100,'2026-07-18 13:28:51','2026-08-25 23:59:59',0,1,NULL,'2026-07-18 13:28:51','2026-07-18 13:28:51',0),(2026071407,9103,1000,'MyBatis Plus 高级查询','练习条件构造器和分页查询。',100,'2026-07-18 13:28:51','2026-08-30 23:59:59',0,0,NULL,'2026-07-18 13:28:51','2026-07-18 13:28:51',0),(2026071408,9104,1000,'微服务架构设计','画出系统架构图，说明各服务职责。',100,'2026-07-18 13:28:51','2026-09-05 23:59:59',0,1,NULL,'2026-07-18 13:28:51','2026-07-18 13:28:51',0),(2026071409,9105,1000,'排序算法实现','实现快速排序和归并排序。',100,'2026-07-18 13:28:51','2026-08-22 23:59:59',0,0,NULL,'2026-07-18 13:28:51','2026-07-18 13:28:51',0),(2026071410,9201,1001,'Pandas 基础练习','完成 DataFrame 基本操作。',100,'2026-07-18 13:28:51','2026-08-20 23:59:59',0,1,NULL,'2026-07-18 13:28:51','2026-07-18 13:28:51',0),(2026071411,9202,1001,'Vue3 组件拆分','完成登录页和基础布局组件拆分。',100,'2026-07-18 13:28:51','2026-08-18 23:59:59',0,2,NULL,'2026-07-18 13:28:51','2026-07-18 13:28:51',0),(2026071412,9203,1001,'机器学习入门报告','撰写 KNN 算法学习报告。',100,'2026-07-18 13:28:51','2026-09-01 23:59:59',0,0,NULL,'2026-07-18 13:28:51','2026-07-18 13:28:51',0),(2026071413,9101,101,'第一次作业：登录接口联调','完成登录接口调用，记录请求、响应和异常处理。',100,'2026-07-18 13:29:55','2026-08-20 23:59:59',0,1,NULL,'2026-07-18 13:29:55','2026-07-18 13:29:55',0),(2026071414,9101,101,'第二次作业：课程模块 CRUD','完成课程列表、新增、编辑和状态修改接口测试。',100,'2026-07-18 13:29:55','2026-08-27 23:59:59',0,0,NULL,'2026-07-18 13:29:55','2026-07-18 13:29:55',0),(2026071415,9102,101,'MyBatis Plus 实体映射练习','整理实体类注解、Mapper 继承和逻辑删除说明。',100,'2026-07-18 13:29:55','2026-08-25 23:59:59',0,1,NULL,'2026-07-18 13:29:55','2026-07-18 13:29:55',0),(2026071416,9103,101,'MyBatis Plus 高级查询','练习条件构造器和分页查询。',100,'2026-07-18 13:29:55','2026-08-30 23:59:59',0,0,NULL,'2026-07-18 13:29:55','2026-07-18 13:29:55',0),(2026071417,9104,101,'微服务架构设计','画出系统架构图，说明各服务职责。',100,'2026-07-18 13:29:55','2026-09-05 23:59:59',0,1,NULL,'2026-07-18 13:29:55','2026-07-18 13:29:55',0),(2026071418,9105,101,'排序算法实现','实现快速排序和归并排序。',100,'2026-07-18 13:29:55','2026-08-22 23:59:59',0,0,NULL,'2026-07-18 13:29:55','2026-07-18 13:29:55',0),(2026071419,9201,103,'Pandas 基础练习','完成 DataFrame 基本操作。',100,'2026-07-18 13:29:55','2026-08-20 23:59:59',0,1,NULL,'2026-07-18 13:29:55','2026-07-18 13:29:55',0),(2026071420,9202,103,'Vue3 组件拆分','完成登录页和基础布局组件拆分。',100,'2026-07-18 13:29:55','2026-08-18 23:59:59',0,2,NULL,'2026-07-18 13:29:55','2026-07-18 13:29:55',0),(2026071421,9203,103,'机器学习入门报告','撰写 KNN 算法学习报告。',100,'2026-07-18 13:29:55','2026-09-01 23:59:59',0,0,NULL,'2026-07-18 13:29:55','2026-07-18 13:29:55',0),(2026071422,9105,101,'1','1',100,'2026-07-18 16:17:09','2026-07-31 00:00:00',0,1,'2026-07-18 16:17:09','2026-07-18 16:17:08','2026-07-18 16:17:08',0),(2026071423,9101,1000,'第一次作业：登录接口联调','完成登录接口调用，记录请求、响应和异常处理。',100,'2026-07-19 23:12:07','2026-08-20 23:59:59',0,1,NULL,'2026-07-19 23:12:07','2026-07-19 23:12:07',0),(2026071424,9101,1000,'第二次作业：课程模块 CRUD','完成课程列表、新增、编辑和状态修改接口测试。',100,'2026-07-19 23:12:07','2026-08-27 23:59:59',0,0,NULL,'2026-07-19 23:12:07','2026-07-19 23:12:07',0),(2026071425,9102,1000,'MyBatis Plus 实体映射练习','整理实体类注解、Mapper 继承和逻辑删除说明。',100,'2026-07-19 23:12:07','2026-08-25 23:59:59',0,1,NULL,'2026-07-19 23:12:07','2026-07-19 23:12:07',0),(2026071426,9103,1000,'MyBatis Plus 高级查询','练习条件构造器和分页查询。',100,'2026-07-19 23:12:07','2026-08-30 23:59:59',0,0,NULL,'2026-07-19 23:12:07','2026-07-19 23:12:07',0),(2026071427,9104,1000,'微服务架构设计','画出系统架构图，说明各服务职责。',100,'2026-07-19 23:12:07','2026-09-05 23:59:59',0,1,NULL,'2026-07-19 23:12:07','2026-07-19 23:12:07',0),(2026071428,9105,1000,'排序算法实现','实现快速排序和归并排序。',100,'2026-07-19 23:12:07','2026-08-22 23:59:59',0,0,NULL,'2026-07-19 23:12:07','2026-07-19 23:12:07',0),(2026071429,9201,1001,'Pandas 基础练习','完成 DataFrame 基本操作。',100,'2026-07-19 23:12:07','2026-08-20 23:59:59',0,1,NULL,'2026-07-19 23:12:07','2026-07-19 23:12:07',0),(2026071430,9202,1001,'Vue3 组件拆分','完成登录页和基础布局组件拆分。',100,'2026-07-19 23:12:07','2026-08-18 23:59:59',0,2,NULL,'2026-07-19 23:12:07','2026-07-19 23:12:07',0),(2026071431,9203,1001,'机器学习入门报告','撰写 KNN 算法学习报告。',100,'2026-07-19 23:12:07','2026-09-01 23:59:59',0,0,NULL,'2026-07-19 23:12:07','2026-07-19 23:12:07',0),(2026071432,9110,102,'1','1',100,'2026-07-20 09:22:03','2026-07-31 00:00:00',0,1,'2026-07-20 09:22:03','2026-07-20 09:22:03','2026-07-20 09:22:03',0);
/*!40000 ALTER TABLE `tb_assignment` ENABLE KEYS */;
UNLOCK TABLES;

--
-- Table structure for table `tb_assignment_attachment`
--

DROP TABLE IF EXISTS `tb_assignment_attachment`;
/*!40101 SET @saved_cs_client     = @@character_set_client */;
/*!50503 SET character_set_client = utf8mb4 */;
CREATE TABLE `tb_assignment_attachment` (
  `id` bigint NOT NULL AUTO_INCREMENT COMMENT '作业附件ID',
  `assignment_id` bigint NOT NULL COMMENT '作业ID，对应 tb_assignment.id',
  `original_name` varchar(255) NOT NULL COMMENT '原始文件名',
  `stored_name` varchar(255) NOT NULL COMMENT '服务器存储文件名',
  `content_type` varchar(100) DEFAULT NULL COMMENT '文件类型',
  `file_size` bigint NOT NULL COMMENT '文件大小，字节',
  `uploaded_by` bigint NOT NULL COMMENT '上传教师ID，对应 tb_user.id',
  `created_at` datetime NOT NULL DEFAULT CURRENT_TIMESTAMP COMMENT '上传时间',
  PRIMARY KEY (`id`),
  KEY `idx_assignment_attachment_assignment` (`assignment_id`),
  KEY `fk_assignment_attachment_uploader` (`uploaded_by`),
  CONSTRAINT `fk_assignment_attachment_assignment` FOREIGN KEY (`assignment_id`) REFERENCES `tb_assignment` (`id`) ON DELETE RESTRICT ON UPDATE CASCADE,
  CONSTRAINT `fk_assignment_attachment_uploader` FOREIGN KEY (`uploaded_by`) REFERENCES `tb_user` (`id`) ON DELETE RESTRICT ON UPDATE CASCADE
) ENGINE=InnoDB AUTO_INCREMENT=2026071403 DEFAULT CHARSET=utf8mb4 COLLATE=utf8mb4_0900_ai_ci COMMENT='教师发布的作业附件表';
/*!40101 SET character_set_client = @saved_cs_client */;

--
-- Dumping data for table `tb_assignment_attachment`
--

LOCK TABLES `tb_assignment_attachment` WRITE;
/*!40000 ALTER TABLE `tb_assignment_attachment` DISABLE KEYS */;
INSERT INTO `tb_assignment_attachment` VALUES (2026071401,2026071401,'Python高级程序设计大作业模板.doc','python-advanced-homework-template.doc','application/msword',87815,1001,'2026-07-09 10:00:00'),(2026071402,2026071432,'第七组-在线教育系统设计说明书.docx','e92de716-f5da-4045-8a32-c485c9cced0a.docx','application/vnd.openxmlformats-officedocument.wordprocessingml.document',1051847,102,'2026-07-20 09:22:03');
/*!40000 ALTER TABLE `tb_assignment_attachment` ENABLE KEYS */;
UNLOCK TABLES;

--
-- Table structure for table `tb_course`
--

DROP TABLE IF EXISTS `tb_course`;
/*!40101 SET @saved_cs_client     = @@character_set_client */;
/*!50503 SET character_set_client = utf8mb4 */;
CREATE TABLE `tb_course` (
  `id` bigint NOT NULL AUTO_INCREMENT COMMENT '课程ID',
  `code` varchar(20) DEFAULT NULL,
  `teacher_id` bigint NOT NULL COMMENT '授课教师ID，对应 tb_user.id',
  `name` varchar(100) NOT NULL COMMENT '课程名称',
  `description` text COMMENT '课程简介',
  `cover_url` varchar(255) DEFAULT NULL COMMENT '课程封面地址',
  `max_students` int NOT NULL DEFAULT '100' COMMENT '最大选课人数',
  `enrolled_count` int NOT NULL DEFAULT '0' COMMENT '当前已选人数',
  `credit` decimal(4,1) DEFAULT NULL,
  `dept` varchar(50) DEFAULT NULL,
  `category` varchar(30) DEFAULT NULL,
  `tags` varchar(100) DEFAULT NULL,
  `class_count` int DEFAULT '1',
  `class_id` bigint DEFAULT NULL COMMENT '默认教学班ID，对应 tb_course_class.id',
  `academic_year` varchar(9) DEFAULT NULL COMMENT '学年，如 2025-2026',
  `semester` tinyint DEFAULT NULL COMMENT '开课学期：1=上学期，2=下学期，3=短学期',
  `total_hours` smallint DEFAULT NULL COMMENT '总学时',
  `status` tinyint NOT NULL DEFAULT '1' COMMENT '课程状态：0=下架，1=正常',
  `created_at` datetime NOT NULL DEFAULT CURRENT_TIMESTAMP COMMENT '创建时间',
  `updated_at` datetime NOT NULL DEFAULT CURRENT_TIMESTAMP ON UPDATE CURRENT_TIMESTAMP COMMENT '更新时间',
  `deleted` tinyint NOT NULL DEFAULT '0' COMMENT '逻辑删除：0=正常，1=删除',
  PRIMARY KEY (`id`),
  KEY `idx_course_teacher` (`teacher_id`),
  KEY `idx_course_status` (`status`),
  KEY `fk_course_default_class` (`class_id`),
  CONSTRAINT `fk_course_default_class` FOREIGN KEY (`class_id`) REFERENCES `tb_course_class` (`id`) ON DELETE SET NULL ON UPDATE CASCADE,
  CONSTRAINT `fk_course_teacher` FOREIGN KEY (`teacher_id`) REFERENCES `tb_user` (`id`)
) ENGINE=InnoDB AUTO_INCREMENT=9406 DEFAULT CHARSET=utf8mb4 COLLATE=utf8mb4_0900_ai_ci COMMENT='课程表';
/*!40101 SET character_set_client = @saved_cs_client */;

--
-- Dumping data for table `tb_course`
--

LOCK TABLES `tb_course` WRITE;
/*!40000 ALTER TABLE `tb_course` DISABLE KEYS */;
INSERT INTO `tb_course` VALUES (9101,'9101',9002,'Java Web 开发实战','围绕 Spring Boot、网关、接口联调完成在线教育系统后端开发。',NULL,60,5,3.0,'计算机科学与技术学院','必修','核心课',2,910101,'2025-2026',2,48,1,'2026-07-13 10:29:31','2026-07-21 09:53:06',0),(9102,'9102',9002,'数据库设计与 MyBatis Plus','学习核心业务表设计、实体映射、逻辑删除和常用 CRUD。',NULL,45,4,3.5,'计算机科学与技术学院','必修','核心课',3,910201,'2025-2026',2,56,1,'2026-07-13 10:29:31','2026-07-21 09:53:06',0),(9103,'9103',9003,'前端工程化与 Vue3','使用 Vue3、Vite、Pinia、Element Plus 构建管理端页面。',NULL,50,3,2.0,'软件工程系','必修','核心课',2,910301,'2025-2026',2,32,1,'2026-07-13 10:29:31','2026-07-21 09:53:06',0),(9104,'9104',9003,'旧版下架课程样例','用于验证课程下架状态过滤。',NULL,30,3,3.0,'软件工程系','必修','核心课',2,910401,'2025-2026',2,48,0,'2026-07-13 14:18:38','2026-07-21 09:53:06',0),(9105,'9105',101,'数据结构与算法','学习线性表、树、图、查找、排序及常用算法设计方法，结合复杂度分析和编程练习提升问题建模与求解能力。',NULL,100,4,4.0,'计算机科学与技术学院','必修','核心课',4,910501,'2025-2026',2,64,1,'2026-07-11 14:50:44','2026-07-22 11:41:21',0),(9106,'9106',102,'操作系统','讲解进程与线程、处理器调度、内存管理、文件系统和设备管理，理解操作系统核心机制及并发程序运行原理。',NULL,100,1,3.5,'计算机科学与技术学院','必修','核心课',3,910601,'2025-2026',2,56,1,'2026-07-11 14:50:44','2026-07-19 23:31:57',0),(9107,'9107',102,'计算机网络','系统学习计算机网络体系结构、TCP/IP 协议、路由交换、应用层协议与网络安全基础，并通过抓包实验分析通信过程。',NULL,100,1,3.5,'计算机科学与技术学院','必修','核心课',3,910701,'2025-2026',2,56,1,'2026-07-11 14:50:44','2026-07-19 23:31:57',0),(9108,'9108',102,'软件工程','介绍需求分析、软件设计、编码规范、测试、项目管理与持续交付，培养团队协作和完整软件生命周期实践能力。',NULL,100,1,3.0,'软件工程系','必修','核心课',3,910801,'2025-2026',2,48,1,'2026-07-11 14:50:44','2026-07-19 23:31:57',0),(9109,'9109',102,'编译原理','学习词法分析、语法分析、语义分析、中间代码生成与优化，理解高级语言从源代码到目标程序的转换过程。',NULL,100,0,3.0,'软件工程系','必修','专业课',2,910901,'2025-2026',2,48,1,'2026-07-11 14:50:44','2026-07-18 13:31:19',0),(9110,'9110',102,'Linux 系统管理','通过命令行、用户权限、进程服务、网络、存储和 Shell 脚本实践，掌握 Linux 服务器的基础配置与运维方法。',NULL,100,1,2.5,'软件工程系','必修','实践课',2,911001,'2025-2026',2,48,1,'2026-07-11 14:50:44','2026-07-19 23:31:57',0),(9201,'9201',103,'Python 数据分析','使用 Python、NumPy、Pandas 与可视化工具完成数据清洗、统计分析和结果展示，培养从原始数据提取信息的能力。',NULL,100,3,2.0,'软件工程系','选修','专业选修',2,920101,'2025-2026',2,32,1,'2026-07-11 14:50:44','2026-07-18 13:31:19',0),(9202,'9202',103,'Vue3 前端开发','学习 Vue 3 组合式 API、组件化、路由、状态管理和工程化工具，完成响应式前端应用的设计、开发与联调。',NULL,100,1,2.0,'软件工程系','选修','专业选修',2,920201,'2025-2026',2,32,1,'2026-07-11 14:50:44','2026-07-19 23:31:57',0),(9203,'9203',103,'人工智能基础','介绍人工智能的基本概念、搜索、知识表示、机器学习与典型应用，通过案例建立 AI 问题建模和实现基础。',NULL,100,1,2.5,'人工智能学院','选修','AI课程',2,920301,'2025-2026',2,40,1,'2026-07-11 14:50:44','2026-07-18 13:31:19',0),(9204,'9204',104,'深度学习导论','学习神经网络、反向传播、卷积网络、循环网络和模型训练方法，使用主流框架完成基础深度学习实验。',NULL,100,2,2.5,'人工智能学院','选修','AI课程',1,920401,'2025-2026',2,40,1,'2026-07-11 14:50:44','2026-07-19 23:20:09',0),(9205,'9205',104,'云计算与容器技术','介绍云计算架构、虚拟化、Docker、容器编排与持续部署，通过实验掌握应用容器化和云原生部署基础。',NULL,100,2,2.0,'软件工程系','选修','专业选修',2,920501,'2025-2026',2,40,1,'2026-07-11 14:50:44','2026-07-19 23:31:57',0),(9206,'9206',104,'大数据技术基础','学习分布式存储与计算、大数据处理流程及常用生态组件，理解海量数据采集、处理、分析的基本方法。',NULL,100,2,2.5,'计算机科学与技术学院','选修','专业选修',2,920601,'2025-2026',2,40,1,'2026-07-11 14:50:44','2026-07-19 23:31:57',0),(9301,'9301',105,'大学生心理健康教育','围绕自我认知、情绪调节、人际交往、压力管理和心理危机预防，帮助学生提升心理健康意识与自我调适能力。',NULL,100,2,2.0,'马克思主义学院','通识','通识课',5,930101,'2025-2026',2,32,1,'2026-07-11 14:50:44','2026-07-19 23:20:09',0),(9302,'9302',105,'大学生职业发展与就业指导','通过职业认知、能力探索、简历面试和就业政策指导，帮助学生制定职业发展计划并提升求职实践能力。',NULL,100,2,1.5,'学生工作部','通识','通识课',4,930201,'2025-2026',2,24,1,'2026-07-11 14:50:44','2026-07-19 23:20:09',0),(9303,'9303',105,'中国近现代史纲要','梳理中国近现代社会发展的历史进程和重大事件，理解中国人民选择中国共产党、马克思主义和社会主义道路的历史逻辑。',NULL,100,1,3.0,'马克思主义学院','通识','思政课',6,930301,'2025-2026',2,48,1,'2026-07-11 14:50:44','2026-07-18 13:31:19',0),(9304,'9304',105,'大学英语（四）','训练英语听、说、读、写、译综合能力，结合学术与职场语境提升信息理解、表达和跨文化沟通水平。',NULL,100,2,2.0,'外国语学院','通识','公共课',5,930401,'2025-2026',2,32,1,'2026-07-11 14:50:44','2026-07-19 23:20:09',0),(9305,'9305',105,'体育（四）','通过专项运动训练提升力量、耐力、协调性与运动技能，掌握科学锻炼方法并形成健康生活习惯。',NULL,100,1,1.0,'体育学院','通识','公共课',8,930501,'2025-2026',2,32,1,'2026-07-11 14:50:44','2026-07-19 23:20:09',0),(9401,'9401',106,'开源软件项目实践','以真实开源仓库为载体，实践 Git 协作、Issue 管理、代码评审、测试和文档编写，完成一次规范的开源贡献。',NULL,100,2,2.0,'软件工程系','个性课程','创新实践',1,940101,'2025-2026',2,48,1,'2026-07-11 14:50:44','2026-07-19 23:20:09',0),(9402,'9402',106,'企业级项目开发实训','按照企业研发流程开展需求分析、架构设计、协作开发、测试和部署，综合运用前后端技术完成项目交付。',NULL,100,3,3.0,'软件工程系','个性课程','实践课',1,940201,'2025-2026',2,64,1,'2026-07-11 14:50:44','2026-07-19 23:31:57',0),(9403,'9403',106,'科技创新训练','面向实际问题开展选题调研、方案设计、原型实现和成果汇报，培养创新思维、科研方法与团队实践能力。',NULL,100,2,2.0,'创新创业学院','个性课程','创新创业',2,940301,'2025-2026',2,48,1,'2026-07-11 14:50:44','2026-07-19 23:20:09',0),(9404,'9404',106,'ACM 程序设计竞赛训练','围绕算法与数据结构开展专题训练、模拟竞赛和代码复盘，提升程序设计速度、正确性与复杂问题求解能力。',NULL,100,1,2.0,'软件工程系','个性课程','创新实践',1,940401,'2025-2026',2,48,1,'2026-07-11 14:50:44','2026-07-19 23:20:09',0),(9405,'9405',106,'毕业设计（软件工程）','在教师指导下完成软件工程课题的需求分析、系统设计、编码测试、论文撰写与答辩，形成完整毕业成果。',NULL,100,0,8.0,'软件工程系','个性课程','毕业实践',6,940501,'2025-2026',2,128,1,'2026-07-11 14:50:44','2026-07-18 13:31:19',0);
/*!40000 ALTER TABLE `tb_course` ENABLE KEYS */;
UNLOCK TABLES;

--
-- Table structure for table `tb_course_class`
--

DROP TABLE IF EXISTS `tb_course_class`;
/*!40101 SET @saved_cs_client     = @@character_set_client */;
/*!50503 SET character_set_client = utf8mb4 */;
CREATE TABLE `tb_course_class` (
  `id` bigint NOT NULL AUTO_INCREMENT COMMENT '教学班ID',
  `course_id` bigint NOT NULL COMMENT '课程ID，对应 tb_course.id',
  `teacher_id` bigint NOT NULL COMMENT '授课教师ID，对应 tb_user.id',
  `name` varchar(100) NOT NULL COMMENT '教学班名称，如 计科2301班',
  `max_students` int NOT NULL DEFAULT '60' COMMENT '班级容量',
  `enrolled_count` int NOT NULL DEFAULT '0' COMMENT '当前已选人数',
  `status` tinyint NOT NULL DEFAULT '1' COMMENT '状态：0=停开，1=开课',
  `created_at` datetime NOT NULL DEFAULT CURRENT_TIMESTAMP COMMENT '创建时间',
  `updated_at` datetime NOT NULL DEFAULT CURRENT_TIMESTAMP ON UPDATE CURRENT_TIMESTAMP COMMENT '更新时间',
  `deleted` tinyint NOT NULL DEFAULT '0' COMMENT '逻辑删除：0=正常，1=删除',
  PRIMARY KEY (`id`),
  KEY `idx_course_class_course` (`course_id`),
  KEY `idx_course_class_teacher` (`teacher_id`),
  CONSTRAINT `fk_course_class_course` FOREIGN KEY (`course_id`) REFERENCES `tb_course` (`id`) ON DELETE RESTRICT ON UPDATE CASCADE,
  CONSTRAINT `fk_course_class_teacher` FOREIGN KEY (`teacher_id`) REFERENCES `tb_user` (`id`) ON DELETE RESTRICT ON UPDATE CASCADE
) ENGINE=InnoDB AUTO_INCREMENT=940542 DEFAULT CHARSET=utf8mb4 COLLATE=utf8mb4_0900_ai_ci COMMENT='教学班表';
/*!40101 SET character_set_client = @saved_cs_client */;

--
-- Dumping data for table `tb_course_class`
--

LOCK TABLES `tb_course_class` WRITE;
/*!40000 ALTER TABLE `tb_course_class` DISABLE KEYS */;
INSERT INTO `tb_course_class` VALUES (910101,9101,101,'Java Web 开发实战 默认班',60,5,1,'2026-07-18 13:27:59','2026-07-19 23:22:39',0),(910102,9101,102,'Java Web 开发实战 二班',50,1,1,'2026-07-19 23:22:28','2026-07-19 23:22:39',0),(910201,9102,101,'数据库系统原理 默认班',60,1,1,'2026-07-18 13:27:59','2026-07-19 23:22:39',0),(910202,9102,102,'数据库系统原理 二班',50,2,1,'2026-07-19 23:22:28','2026-07-19 23:22:39',0),(910301,9103,101,'MyBatis Plus 企业开发 默认班',60,1,1,'2026-07-18 13:27:59','2026-07-19 23:22:39',0),(910302,9103,102,'MyBatis Plus 企业开发 二班',50,2,1,'2026-07-19 23:22:28','2026-07-19 23:22:39',0),(910401,9104,101,'Spring Boot 微服务开发 默认班',60,1,1,'2026-07-18 13:27:59','2026-07-19 23:22:39',0),(910402,9104,102,'Spring Boot 微服务开发 二班',50,2,1,'2026-07-19 23:22:28','2026-07-19 23:22:39',0),(910501,9105,101,'数据结构与算法 默认班',60,3,1,'2026-07-18 13:27:59','2026-07-22 11:41:21',0),(910502,9105,102,'数据结构与算法 二班',50,1,1,'2026-07-19 23:22:28','2026-07-19 23:22:39',0),(910601,9106,102,'操作系统 默认班',60,0,1,'2026-07-18 13:27:59','2026-07-18 13:27:59',0),(910602,9106,101,'操作系统 二班',50,1,1,'2026-07-19 23:22:28','2026-07-19 23:22:39',0),(910701,9107,102,'计算机网络 默认班',60,0,1,'2026-07-18 13:27:59','2026-07-18 13:27:59',0),(910702,9107,101,'计算机网络 二班',50,1,1,'2026-07-19 23:22:28','2026-07-19 23:22:39',0),(910801,9108,102,'软件工程 默认班',60,0,1,'2026-07-18 13:27:59','2026-07-18 13:27:59',0),(910802,9108,101,'软件工程 二班',50,1,1,'2026-07-19 23:22:28','2026-07-19 23:22:39',0),(910901,9109,102,'编译原理 默认班',60,0,1,'2026-07-18 13:27:59','2026-07-18 13:27:59',0),(910902,9109,101,'编译原理 二班',50,0,1,'2026-07-19 23:22:28','2026-07-19 23:22:28',0),(911001,9110,102,'Linux 系统管理 默认班',60,0,1,'2026-07-18 13:27:59','2026-07-18 13:27:59',0),(911002,9110,101,'Linux 系统管理 二班',50,1,1,'2026-07-19 23:22:28','2026-07-19 23:22:39',0),(920101,9201,103,'Python 数据分析 默认班',60,3,1,'2026-07-18 13:27:59','2026-07-19 23:22:39',0),(920102,9201,104,'Python 数据分析 二班',40,0,1,'2026-07-19 23:22:28','2026-07-19 23:22:28',0),(920201,9202,103,'Vue3 前端开发 默认班',60,0,1,'2026-07-18 13:27:59','2026-07-18 13:27:59',0),(920202,9202,104,'Vue3 前端开发 二班',40,1,1,'2026-07-19 23:22:28','2026-07-19 23:22:39',0),(920301,9203,103,'人工智能基础 默认班',60,1,1,'2026-07-18 13:27:59','2026-07-19 23:22:39',0),(920302,9203,104,'人工智能基础 二班',40,0,1,'2026-07-19 23:22:28','2026-07-19 23:22:28',0),(920401,9204,104,'深度学习导论 默认班',60,2,1,'2026-07-18 13:27:59','2026-07-19 23:22:39',0),(920402,9204,103,'深度学习导论 二班',40,0,1,'2026-07-19 23:22:28','2026-07-19 23:22:28',0),(920501,9205,104,'云计算与容器技术 默认班',60,1,1,'2026-07-18 13:27:59','2026-07-19 23:22:39',0),(920502,9205,103,'云计算与容器技术 二班',40,1,1,'2026-07-19 23:22:28','2026-07-19 23:22:39',0),(920601,9206,104,'大数据技术基础 默认班',60,0,1,'2026-07-18 13:27:59','2026-07-18 13:27:59',0),(920602,9206,103,'大数据技术基础 二班',40,2,1,'2026-07-19 23:22:28','2026-07-19 23:22:39',0),(930101,9301,105,'大学生心理健康教育 默认班',60,2,1,'2026-07-18 13:27:59','2026-07-19 23:22:39',0),(930102,9301,106,'大学生心理健康教育 二班',80,0,1,'2026-07-19 23:22:28','2026-07-19 23:22:28',0),(930201,9302,105,'大学生职业发展与就业指导 默认班',60,2,1,'2026-07-18 13:27:59','2026-07-19 23:22:39',0),(930301,9303,105,'中国近现代史纲要 默认班',60,0,1,'2026-07-18 13:27:59','2026-07-18 13:27:59',0),(930302,9303,106,'中国近现代史纲要 二班',80,1,1,'2026-07-19 23:22:28','2026-07-19 23:22:39',0),(930401,9304,105,'大学英语（四） 默认班',60,2,1,'2026-07-18 13:27:59','2026-07-19 23:22:39',0),(930501,9305,105,'体育（四） 默认班',60,1,1,'2026-07-18 13:27:59','2026-07-19 23:22:39',0),(940101,9401,106,'开源软件项目实践 默认班',60,2,1,'2026-07-18 13:27:59','2026-07-19 23:22:39',0),(940102,9401,105,'开源软件项目实践 二班',40,0,1,'2026-07-19 23:22:28','2026-07-19 23:22:28',0),(940201,9402,106,'企业级项目开发实训 默认班',60,1,1,'2026-07-18 13:27:59','2026-07-19 23:22:39',0),(940202,9402,105,'企业级项目开发实训 二班',40,2,1,'2026-07-19 23:22:28','2026-07-19 23:22:39',0),(940301,9403,106,'科技创新训练 默认班',60,2,1,'2026-07-18 13:27:59','2026-07-19 23:22:39',0),(940401,9404,106,'ACM 程序设计竞赛训练 默认班',60,1,1,'2026-07-18 13:27:59','2026-07-19 23:22:39',0),(940501,9405,106,'毕业设计（软件工程） 默认班',60,0,1,'2026-07-18 13:27:59','2026-07-18 13:27:59',0);
/*!40000 ALTER TABLE `tb_course_class` ENABLE KEYS */;
UNLOCK TABLES;

--
-- Table structure for table `tb_course_schedule`
--

DROP TABLE IF EXISTS `tb_course_schedule`;
/*!40101 SET @saved_cs_client     = @@character_set_client */;
/*!50503 SET character_set_client = utf8mb4 */;
CREATE TABLE `tb_course_schedule` (
  `id` bigint NOT NULL AUTO_INCREMENT COMMENT '排课ID',
  `class_id` bigint NOT NULL COMMENT '教学班ID，对应 tb_course_class.id',
  `day_of_week` tinyint NOT NULL COMMENT '星期：1=周一~7=周日',
  `start_period` tinyint NOT NULL COMMENT '开始节次',
  `end_period` tinyint NOT NULL COMMENT '结束节次',
  `start_week` tinyint NOT NULL COMMENT '起始教学周',
  `end_week` tinyint NOT NULL COMMENT '结束教学周',
  `week_type` tinyint NOT NULL DEFAULT '0' COMMENT '周类型：0=全周，1=单周，2=双周',
  `location` varchar(100) DEFAULT NULL COMMENT '上课地点',
  `created_at` datetime NOT NULL DEFAULT CURRENT_TIMESTAMP COMMENT '创建时间',
  `updated_at` datetime NOT NULL DEFAULT CURRENT_TIMESTAMP ON UPDATE CURRENT_TIMESTAMP COMMENT '更新时间',
  PRIMARY KEY (`id`),
  KEY `idx_schedule_class` (`class_id`),
  KEY `idx_schedule_weekday` (`day_of_week`,`start_period`),
  CONSTRAINT `fk_schedule_class` FOREIGN KEY (`class_id`) REFERENCES `tb_course_class` (`id`) ON DELETE RESTRICT ON UPDATE CASCADE
) ENGINE=InnoDB AUTO_INCREMENT=338 DEFAULT CHARSET=utf8mb4 COLLATE=utf8mb4_0900_ai_ci COMMENT='教学班排课表';
/*!40101 SET character_set_client = @saved_cs_client */;

--
-- Dumping data for table `tb_course_schedule`
--

LOCK TABLES `tb_course_schedule` WRITE;
/*!40000 ALTER TABLE `tb_course_schedule` DISABLE KEYS */;
INSERT INTO `tb_course_schedule` VALUES (232,910101,1,1,2,1,16,0,'教学楼A-301','2026-07-19 23:30:06','2026-07-19 23:30:06'),(233,910101,3,3,4,1,16,0,'教学楼A-301','2026-07-19 23:30:06','2026-07-19 23:30:06'),(234,910101,5,5,6,1,16,0,'实验楼B-205','2026-07-19 23:30:06','2026-07-19 23:30:06'),(235,910201,2,1,2,1,16,0,'教学楼A-405','2026-07-19 23:30:06','2026-07-19 23:30:06'),(236,910201,4,3,4,1,16,0,'教学楼A-405','2026-07-19 23:30:06','2026-07-19 23:30:06'),(237,910201,5,3,4,1,16,0,'实验楼B-301','2026-07-19 23:30:06','2026-07-19 23:30:06'),(238,910301,1,3,4,1,16,0,'教学楼A-302','2026-07-19 23:30:06','2026-07-19 23:30:06'),(239,910301,4,1,2,1,16,0,'实验楼B-205','2026-07-19 23:30:06','2026-07-19 23:30:06'),(240,910401,2,3,4,1,16,0,'教学楼A-303','2026-07-19 23:30:06','2026-07-19 23:30:06'),(241,910401,4,5,6,1,16,0,'教学楼A-303','2026-07-19 23:30:06','2026-07-19 23:30:06'),(242,910401,5,1,2,1,16,0,'实验楼B-205','2026-07-19 23:30:06','2026-07-19 23:30:06'),(243,910501,1,5,6,1,16,0,'教学楼C-101','2026-07-19 23:30:06','2026-07-19 23:30:06'),(244,910501,3,1,2,1,16,0,'教学楼C-101','2026-07-19 23:30:06','2026-07-19 23:30:06'),(245,910501,5,7,8,1,16,0,'教学楼C-101','2026-07-19 23:30:06','2026-07-19 23:30:06'),(246,910601,1,1,2,1,16,0,'教学楼C-201','2026-07-19 23:30:06','2026-07-19 23:30:06'),(247,910601,3,5,6,1,16,0,'教学楼C-201','2026-07-19 23:30:06','2026-07-19 23:30:06'),(248,910601,4,1,2,1,16,0,'教学楼C-201','2026-07-19 23:30:06','2026-07-19 23:30:06'),(249,910701,2,1,2,1,16,0,'教学楼C-202','2026-07-19 23:30:06','2026-07-19 23:30:06'),(250,910701,4,3,4,1,16,0,'教学楼C-202','2026-07-19 23:30:06','2026-07-19 23:30:06'),(251,910701,5,5,6,1,16,0,'教学楼C-202','2026-07-19 23:30:06','2026-07-19 23:30:06'),(252,910801,2,5,6,1,16,0,'教学楼C-301','2026-07-19 23:30:06','2026-07-19 23:30:06'),(253,910801,4,7,8,1,16,0,'教学楼C-301','2026-07-19 23:30:06','2026-07-19 23:30:06'),(254,910901,1,7,8,1,16,0,'教学楼C-302','2026-07-19 23:30:06','2026-07-19 23:30:06'),(255,910901,3,7,8,1,16,0,'教学楼C-302','2026-07-19 23:30:06','2026-07-19 23:30:06'),(256,911001,2,7,8,1,16,0,'教学楼C-102','2026-07-19 23:30:06','2026-07-19 23:30:06'),(257,911001,4,5,6,1,16,0,'实验楼B-301','2026-07-19 23:30:06','2026-07-19 23:30:06'),(258,920101,1,5,6,1,16,0,'实验楼B-401','2026-07-19 23:30:06','2026-07-19 23:30:06'),(259,920101,3,5,6,1,16,0,'实验楼B-401','2026-07-19 23:30:06','2026-07-19 23:30:06'),(260,920201,2,3,4,1,16,0,'实验楼B-402','2026-07-19 23:30:06','2026-07-19 23:30:06'),(261,920201,5,3,4,1,16,0,'实验楼B-402','2026-07-19 23:30:06','2026-07-19 23:30:06'),(262,920301,1,3,4,1,16,0,'教学楼D-101','2026-07-19 23:30:06','2026-07-19 23:30:06'),(263,920301,3,1,2,1,16,0,'教学楼D-101','2026-07-19 23:30:06','2026-07-19 23:30:06'),(264,920401,2,5,6,1,16,0,'教学楼D-102','2026-07-19 23:30:06','2026-07-19 23:30:06'),(265,920401,5,1,2,1,16,0,'教学楼D-102','2026-07-19 23:30:06','2026-07-19 23:30:06'),(266,920501,3,3,4,1,16,0,'实验楼B-301','2026-07-19 23:30:06','2026-07-19 23:30:06'),(267,920501,5,7,8,1,16,0,'实验楼B-301','2026-07-19 23:30:06','2026-07-19 23:30:06'),(268,920601,1,1,2,1,16,0,'教学楼D-201','2026-07-19 23:30:06','2026-07-19 23:30:06'),(269,920601,4,3,4,1,16,0,'教学楼D-201','2026-07-19 23:30:06','2026-07-19 23:30:06'),(270,930101,1,7,8,1,16,0,'教学楼E-101','2026-07-19 23:30:06','2026-07-19 23:30:06'),(271,930101,3,7,8,1,16,0,'教学楼E-101','2026-07-19 23:30:06','2026-07-19 23:30:06'),(272,930201,5,9,10,1,16,0,'教学楼E-201','2026-07-19 23:30:06','2026-07-19 23:30:06'),(273,930301,2,1,2,1,16,0,'教学楼E-301','2026-07-19 23:30:06','2026-07-19 23:30:06'),(274,930301,3,5,6,1,16,0,'教学楼E-301','2026-07-19 23:30:06','2026-07-19 23:30:06'),(275,930301,5,5,6,1,16,0,'教学楼E-301','2026-07-19 23:30:06','2026-07-19 23:30:06'),(276,930401,1,3,4,1,16,0,'教学楼E-401','2026-07-19 23:30:06','2026-07-19 23:30:06'),(277,930401,4,1,2,1,16,0,'教学楼E-401','2026-07-19 23:30:06','2026-07-19 23:30:06'),(278,930501,2,9,10,1,16,0,'体育馆','2026-07-19 23:30:06','2026-07-19 23:30:06'),(279,930501,4,9,10,1,16,0,'体育馆','2026-07-19 23:30:06','2026-07-19 23:30:06'),(280,940101,2,5,6,1,16,0,'实验楼B-501','2026-07-19 23:30:06','2026-07-19 23:30:06'),(281,940101,4,5,6,1,16,0,'实验楼B-501','2026-07-19 23:30:06','2026-07-19 23:30:06'),(282,940201,1,1,2,1,16,0,'实验楼B-502','2026-07-19 23:30:06','2026-07-19 23:30:06'),(283,940201,3,3,4,1,16,0,'实验楼B-502','2026-07-19 23:30:06','2026-07-19 23:30:06'),(284,940201,5,1,2,1,16,0,'实验楼B-502','2026-07-19 23:30:06','2026-07-19 23:30:06'),(285,940301,1,5,6,1,16,0,'教学楼D-301','2026-07-19 23:30:06','2026-07-19 23:30:06'),(286,940301,4,7,8,1,16,0,'教学楼D-301','2026-07-19 23:30:06','2026-07-19 23:30:06'),(287,940401,3,9,10,1,16,0,'实验楼B-501','2026-07-19 23:30:06','2026-07-19 23:30:06'),(288,940401,5,9,10,1,16,0,'实验楼B-501','2026-07-19 23:30:06','2026-07-19 23:30:06'),(289,940501,4,11,12,1,16,0,'学院楼-会议室','2026-07-19 23:30:06','2026-07-19 23:30:06'),(290,910102,2,1,2,1,16,0,'教学楼A-302','2026-07-19 23:30:06','2026-07-19 23:30:06'),(291,910102,4,1,2,1,16,0,'教学楼A-302','2026-07-19 23:30:06','2026-07-19 23:30:06'),(292,910102,6,3,4,1,16,0,'实验楼B-206','2026-07-19 23:30:06','2026-07-19 23:30:06'),(293,910202,1,3,4,1,16,0,'教学楼A-406','2026-07-19 23:30:06','2026-07-19 23:30:06'),(294,910202,3,1,2,1,16,0,'教学楼A-406','2026-07-19 23:30:06','2026-07-19 23:30:06'),(295,910202,5,1,2,1,16,0,'实验楼B-302','2026-07-19 23:30:06','2026-07-19 23:30:06'),(296,910302,3,3,4,1,16,0,'教学楼A-303','2026-07-19 23:30:06','2026-07-19 23:30:06'),(297,910302,5,5,6,1,16,0,'实验楼B-206','2026-07-19 23:30:06','2026-07-19 23:30:06'),(298,910402,1,5,6,1,16,0,'教学楼A-304','2026-07-19 23:30:06','2026-07-19 23:30:06'),(299,910402,3,5,6,1,16,0,'教学楼A-304','2026-07-19 23:30:06','2026-07-19 23:30:06'),(300,910402,6,1,2,1,16,0,'实验楼B-206','2026-07-19 23:30:06','2026-07-19 23:30:06'),(301,910502,2,3,4,1,16,0,'教学楼C-102','2026-07-19 23:30:06','2026-07-19 23:30:06'),(302,910502,4,3,4,1,16,0,'教学楼C-102','2026-07-19 23:30:06','2026-07-19 23:30:06'),(303,910502,6,5,6,1,16,0,'教学楼C-102','2026-07-19 23:30:06','2026-07-19 23:30:06'),(304,910602,2,3,4,1,16,0,'教学楼C-203','2026-07-19 23:30:06','2026-07-19 23:30:06'),(305,910602,4,5,6,1,16,0,'教学楼C-203','2026-07-19 23:30:06','2026-07-19 23:30:06'),(306,910602,5,3,4,1,16,0,'教学楼C-203','2026-07-19 23:30:06','2026-07-19 23:30:06'),(307,910702,1,1,2,1,16,0,'教学楼C-204','2026-07-19 23:30:06','2026-07-19 23:30:06'),(308,910702,3,3,4,1,16,0,'教学楼C-204','2026-07-19 23:30:06','2026-07-19 23:30:06'),(309,910702,4,1,2,1,16,0,'教学楼C-204','2026-07-19 23:30:06','2026-07-19 23:30:06'),(310,910802,1,7,8,1,16,0,'教学楼C-303','2026-07-19 23:30:06','2026-07-19 23:30:06'),(311,910802,4,5,6,1,16,0,'教学楼C-303','2026-07-19 23:30:06','2026-07-19 23:30:06'),(312,910902,2,1,2,1,16,0,'教学楼C-304','2026-07-19 23:30:06','2026-07-19 23:30:06'),(313,910902,5,7,8,1,16,0,'教学楼C-304','2026-07-19 23:30:06','2026-07-19 23:30:06'),(314,911002,1,3,4,1,16,0,'教学楼C-103','2026-07-19 23:30:06','2026-07-19 23:30:06'),(315,911002,3,7,8,1,16,0,'实验楼B-302','2026-07-19 23:30:06','2026-07-19 23:30:06'),(316,920102,2,7,8,1,16,0,'实验楼B-403','2026-07-19 23:30:06','2026-07-19 23:30:06'),(317,920102,4,5,6,1,16,0,'实验楼B-403','2026-07-19 23:30:06','2026-07-19 23:30:06'),(318,920202,3,3,4,1,16,0,'实验楼B-404','2026-07-19 23:30:06','2026-07-19 23:30:06'),(319,920202,5,1,2,1,16,0,'实验楼B-404','2026-07-19 23:30:06','2026-07-19 23:30:06'),(320,920302,1,7,8,1,16,0,'教学楼D-103','2026-07-19 23:30:06','2026-07-19 23:30:06'),(321,920302,4,3,4,1,16,0,'教学楼D-103','2026-07-19 23:30:06','2026-07-19 23:30:06'),(322,920402,3,1,2,1,16,0,'教学楼D-104','2026-07-19 23:30:06','2026-07-19 23:30:06'),(323,920402,5,3,4,1,16,0,'教学楼D-104','2026-07-19 23:30:06','2026-07-19 23:30:06'),(324,920502,1,1,2,1,16,0,'实验楼B-302','2026-07-19 23:30:06','2026-07-19 23:30:06'),(325,920502,4,7,8,1,16,0,'实验楼B-302','2026-07-19 23:30:06','2026-07-19 23:30:06'),(326,920602,2,5,6,1,16,0,'教学楼D-203','2026-07-19 23:30:06','2026-07-19 23:30:06'),(327,920602,5,5,6,1,16,0,'教学楼D-203','2026-07-19 23:30:06','2026-07-19 23:30:06'),(328,930102,2,7,8,1,16,0,'教学楼E-103','2026-07-19 23:30:06','2026-07-19 23:30:06'),(329,930102,4,7,8,1,16,0,'教学楼E-103','2026-07-19 23:30:06','2026-07-19 23:30:06'),(330,930302,1,3,4,1,16,0,'教学楼E-303','2026-07-19 23:30:06','2026-07-19 23:30:06'),(331,930302,3,3,4,1,16,0,'教学楼E-303','2026-07-19 23:30:06','2026-07-19 23:30:06'),(332,930302,5,1,2,1,16,0,'教学楼E-303','2026-07-19 23:30:06','2026-07-19 23:30:06'),(333,940102,3,5,6,1,16,0,'实验楼B-503','2026-07-19 23:30:06','2026-07-19 23:30:06'),(334,940102,5,5,6,1,16,0,'实验楼B-503','2026-07-19 23:30:06','2026-07-19 23:30:06'),(335,940202,2,1,2,1,16,0,'实验楼B-504','2026-07-19 23:30:06','2026-07-19 23:30:06'),(336,940202,4,1,2,1,16,0,'实验楼B-504','2026-07-19 23:30:06','2026-07-19 23:30:06'),(337,940202,5,3,4,1,16,0,'实验楼B-504','2026-07-19 23:30:06','2026-07-19 23:30:06');
/*!40000 ALTER TABLE `tb_course_schedule` ENABLE KEYS */;
UNLOCK TABLES;

--
-- Table structure for table `tb_enrollment`
--

DROP TABLE IF EXISTS `tb_enrollment`;
/*!40101 SET @saved_cs_client     = @@character_set_client */;
/*!50503 SET character_set_client = utf8mb4 */;
CREATE TABLE `tb_enrollment` (
  `id` bigint NOT NULL AUTO_INCREMENT COMMENT '选课记录ID',
  `class_id` bigint NOT NULL COMMENT '教学班ID',
  `course_id` bigint NOT NULL COMMENT '课程ID，对应 tb_course.id',
  `student_id` bigint NOT NULL COMMENT '学生ID，对应 tb_user.id',
  `status` tinyint NOT NULL DEFAULT '0' COMMENT '0=PENDING, 1=APPROVED, 2=DROPPED, 4=REJECTED',
  `final_score` decimal(5,2) DEFAULT NULL COMMENT '最终成绩',
  `grade_letter` varchar(2) DEFAULT NULL COMMENT '等第：A/B/C/D/F',
  `passed` tinyint DEFAULT NULL COMMENT '是否通过：0=未通过，1=通过',
  `apply_reason` varchar(255) DEFAULT NULL COMMENT '选课申请说明',
  `review_comment` varchar(255) DEFAULT NULL COMMENT '审核意见',
  `applied_at` datetime NOT NULL DEFAULT CURRENT_TIMESTAMP COMMENT '申请时间',
  `reviewed_at` datetime DEFAULT NULL COMMENT '审核时间',
  `created_at` datetime NOT NULL DEFAULT CURRENT_TIMESTAMP COMMENT '创建时间',
  `updated_at` datetime NOT NULL DEFAULT CURRENT_TIMESTAMP ON UPDATE CURRENT_TIMESTAMP COMMENT '更新时间',
  `deleted` tinyint NOT NULL DEFAULT '0' COMMENT '逻辑删除：0=正常，1=删除',
  PRIMARY KEY (`id`),
  UNIQUE KEY `uk_enrollment_class_student` (`class_id`,`student_id`),
  KEY `idx_enrollment_student` (`student_id`),
  KEY `idx_enrollment_class_status` (`class_id`,`status`),
  CONSTRAINT `fk_enrollment_class` FOREIGN KEY (`class_id`) REFERENCES `tb_course_class` (`id`) ON DELETE RESTRICT ON UPDATE CASCADE,
  CONSTRAINT `fk_enrollment_student` FOREIGN KEY (`student_id`) REFERENCES `tb_user` (`id`)
) ENGINE=InnoDB AUTO_INCREMENT=9397 DEFAULT CHARSET=utf8mb4 COLLATE=utf8mb4_0900_ai_ci COMMENT='学生选课表';
/*!40101 SET character_set_client = @saved_cs_client */;

--
-- Dumping data for table `tb_enrollment`
--

LOCK TABLES `tb_enrollment` WRITE;
/*!40000 ALTER TABLE `tb_enrollment` DISABLE KEYS */;
INSERT INTO `tb_enrollment` VALUES (9201,910101,9101,9011,1,NULL,NULL,NULL,'希望系统学习后端接口开发。','基础匹配，通过选课。','2026-07-01 09:00:00','2026-07-01 10:00:00','2026-07-09 22:39:30','2026-07-18 13:31:38',0),(9202,910101,9101,9012,1,NULL,NULL,NULL,'想完成毕业设计中的后端模块。','通过。','2026-07-01 09:30:00','2026-07-01 10:10:00','2026-07-09 22:39:30','2026-07-18 13:31:38',0),(9203,910201,9102,9011,0,NULL,NULL,NULL,'想熟悉 MyBatis Plus 的实际项目用法。',NULL,'2026-07-02 11:00:00',NULL,'2026-07-09 22:39:30','2026-07-18 13:31:38',0),(9207,910801,9108,9013,0,NULL,NULL,NULL,NULL,NULL,'2026-07-11 15:06:49',NULL,'2026-07-11 15:06:49','2026-07-18 13:31:38',0),(9208,940501,9405,9013,0,NULL,NULL,NULL,'申请加入 毕业设计（软件工程）',NULL,'2026-07-13 13:50:15',NULL,'2026-07-13 13:50:15','2026-07-18 13:31:38',0),(9209,910101,9101,9013,1,NULL,NULL,NULL,'首页我的课程功能测试','测试数据：审核通过','2026-07-13 14:19:53','2026-07-13 14:19:53','2026-07-13 14:19:53','2026-07-18 13:31:38',0),(9210,910201,9102,9013,1,NULL,NULL,NULL,'首页我的课程功能测试','测试数据：审核通过','2026-07-13 14:19:53','2026-07-13 14:19:53','2026-07-13 14:19:53','2026-07-18 13:31:38',0),(9211,910501,9105,9013,1,NULL,NULL,NULL,'首页我的课程功能测试','测试数据：审核通过','2026-07-13 14:19:53','2026-07-13 14:19:53','2026-07-13 14:19:53','2026-07-18 13:31:38',0),(9212,920101,9201,9013,1,NULL,NULL,NULL,'首页我的课程功能测试','测试数据：审核通过','2026-07-13 14:19:53','2026-07-14 11:37:19','2026-07-13 14:19:53','2026-07-18 13:31:38',0),(9213,930101,9301,9013,1,NULL,NULL,NULL,'首页我的课程功能测试','测试数据：审核通过','2026-07-13 14:19:53','2026-07-14 11:37:19','2026-07-13 14:19:53','2026-07-18 13:31:38',0),(9214,940101,9401,9013,1,NULL,NULL,NULL,'首页我的课程功能测试','测试数据：审核通过','2026-07-13 14:19:53','2026-07-13 14:19:53','2026-07-13 14:19:53','2026-07-18 13:31:38',0),(9246,910101,9101,201,1,NULL,NULL,NULL,'学习 Java Web 后端开发','符合选课要求，审核通过','2026-07-01 09:00:00','2026-07-01 10:00:00','2026-07-18 13:28:51','2026-07-19 23:30:06',0),(9247,910202,9102,201,1,NULL,NULL,NULL,'巩固数据库系统基础','符合选课要求，审核通过','2026-07-01 09:05:00','2026-07-01 10:05:00','2026-07-18 13:28:51','2026-07-19 23:22:39',0),(9248,920101,9201,201,1,NULL,NULL,NULL,'学习 Python 数据分析','符合选课要求，审核通过','2026-07-01 09:15:00','2026-07-01 10:15:00','2026-07-18 13:28:51','2026-07-19 23:30:06',0),(9249,910501,9105,201,2,NULL,NULL,NULL,'提升数据结构与算法能力','符合选课要求，审核通过','2026-07-01 09:10:00','2026-07-22 11:41:21','2026-07-18 13:28:51','2026-07-22 11:41:21',0),(9250,930101,9301,201,1,NULL,NULL,NULL,'提升心理健康与压力管理能力','符合选课要求，审核通过','2026-07-01 09:20:00','2026-07-01 10:20:00','2026-07-18 13:28:51','2026-07-19 23:30:06',0),(9251,910102,9101,202,1,NULL,NULL,NULL,'系统学习 Java Web 开发','符合选课要求，审核通过','2026-07-02 09:00:00','2026-07-02 10:00:00','2026-07-18 13:28:51','2026-07-19 23:22:39',0),(9252,920202,9202,202,1,NULL,NULL,NULL,'学习 Vue3 前端开发','符合选课要求，审核通过','2026-07-02 09:15:00','2026-07-02 10:15:00','2026-07-18 13:28:51','2026-07-19 23:22:39',0),(9253,930401,9304,202,1,NULL,NULL,NULL,'提高大学英语综合能力','符合选课要求，审核通过','2026-07-02 09:20:00','2026-07-02 10:20:00','2026-07-18 13:28:51','2026-07-19 23:30:06',0),(9254,910302,9103,203,1,NULL,NULL,NULL,'掌握持久层开发技术','符合选课要求，审核通过','2026-07-03 09:05:00','2026-07-03 10:05:00','2026-07-18 13:28:51','2026-07-19 23:22:39',0),(9255,920301,9203,203,1,NULL,NULL,NULL,'学习人工智能基础知识','符合选课要求，审核通过','2026-07-03 09:15:00','2026-07-03 10:15:00','2026-07-18 13:28:51','2026-07-19 23:30:06',0),(9256,940101,9401,203,0,NULL,NULL,NULL,'开源项目实践',NULL,'2026-07-05 14:00:00',NULL,'2026-07-18 13:28:51','2026-07-18 13:28:51',0),(9257,910402,9104,204,1,NULL,NULL,NULL,'学习微服务系统开发','符合选课要求，审核通过','2026-07-04 09:00:00','2026-07-04 10:00:00','2026-07-18 13:28:51','2026-07-19 23:22:39',0),(9258,920401,9204,204,1,NULL,NULL,NULL,'深度学习入门','通过','2026-07-02 09:01:00','2026-07-02 10:01:00','2026-07-18 13:28:51','2026-07-18 13:28:51',0),(9260,910501,9105,205,1,NULL,NULL,NULL,'加强数据结构与算法训练','符合选课要求，审核通过','2026-07-05 09:00:00','2026-07-05 10:00:00','2026-07-18 13:28:51','2026-07-19 23:30:06',0),(9261,920501,9205,205,1,NULL,NULL,NULL,'云计算方向','通过','2026-07-01 11:01:00','2026-07-01 12:01:00','2026-07-18 13:28:51','2026-07-18 13:28:51',0),(9262,930501,9305,205,1,NULL,NULL,NULL,'参加体育课程锻炼','符合选课要求，审核通过','2026-07-05 09:20:00','2026-07-05 10:20:00','2026-07-18 13:28:51','2026-07-19 23:30:06',0),(9263,910101,9102,206,1,NULL,NULL,NULL,'数据库必修','通过','2026-07-02 10:00:00','2026-07-02 11:00:00','2026-07-18 13:28:51','2026-07-19 23:22:39',0),(9264,930201,9302,206,1,NULL,NULL,NULL,'职业指导课','通过','2026-07-02 10:01:00','2026-07-02 11:01:00','2026-07-18 13:28:51','2026-07-18 13:28:51',0),(9265,940202,9402,207,1,NULL,NULL,NULL,'企业项目实训','通过','2026-07-03 08:00:00','2026-07-03 09:00:00','2026-07-18 13:28:51','2026-07-19 23:22:39',0),(9266,910302,9103,207,1,NULL,NULL,NULL,'MyBatis 深入学习','通过','2026-07-03 08:01:00','2026-07-03 09:01:00','2026-07-18 13:28:51','2026-07-19 23:22:39',0),(9267,920602,9206,207,1,NULL,NULL,NULL,'大数据技术','通过','2026-07-03 08:02:00','2026-07-03 09:02:00','2026-07-18 13:28:51','2026-07-19 23:22:39',0),(9268,910402,9104,208,1,NULL,NULL,NULL,'Spring Boot 实践','通过','2026-07-04 09:00:00','2026-07-04 10:00:00','2026-07-18 13:28:51','2026-07-19 23:22:39',0),(9269,930302,9303,208,1,NULL,NULL,NULL,'中国近现代史','通过','2026-07-04 09:01:00','2026-07-04 10:01:00','2026-07-18 13:28:51','2026-07-19 23:22:39',0),(9270,940301,9403,209,1,NULL,NULL,NULL,'科技创新','通过','2026-07-05 10:00:00','2026-07-05 11:00:00','2026-07-18 13:28:51','2026-07-18 13:28:51',0),(9271,920101,9201,209,1,NULL,NULL,NULL,'Python 数据分析','通过','2026-07-05 10:01:00','2026-07-05 11:01:00','2026-07-18 13:28:51','2026-07-18 13:28:51',0),(9272,910501,9105,210,1,NULL,NULL,NULL,'算法必修','通过','2026-07-06 08:00:00','2026-07-06 09:00:00','2026-07-18 13:28:51','2026-07-18 13:28:51',0),(9273,930401,9304,210,1,NULL,NULL,NULL,'英语四','通过','2026-07-06 08:01:00','2026-07-06 09:01:00','2026-07-18 13:28:51','2026-07-18 13:28:51',0),(9330,940101,9401,201,1,NULL,NULL,NULL,'参加开源软件项目实践','符合选课要求，审核通过','2026-07-01 09:25:00','2026-07-01 10:25:00','2026-07-19 23:20:09','2026-07-19 23:30:06',0),(9331,910301,9103,202,1,NULL,NULL,NULL,'掌握 MyBatis Plus 企业开发','符合选课要求，审核通过','2026-07-02 09:05:00','2026-07-02 10:05:00','2026-07-19 23:20:09','2026-07-19 23:30:06',0),(9332,910401,9104,202,1,NULL,NULL,NULL,'了解 Spring Boot 微服务架构','符合选课要求，审核通过','2026-07-02 09:10:00','2026-07-02 10:10:00','2026-07-19 23:20:09','2026-07-19 23:30:06',0),(9333,940202,9402,202,1,NULL,NULL,NULL,'参加企业级项目开发实训','符合选课要求，审核通过','2026-07-02 09:25:00','2026-07-02 10:25:00','2026-07-19 23:20:09','2026-07-19 23:22:39',0),(9334,910202,9102,203,1,NULL,NULL,NULL,'学习数据库设计与管理','符合选课要求，审核通过','2026-07-03 09:00:00','2026-07-03 10:00:00','2026-07-19 23:20:09','2026-07-19 23:22:39',0),(9335,910502,9105,203,1,NULL,NULL,NULL,'夯实算法基础','符合选课要求，审核通过','2026-07-03 09:10:00','2026-07-03 10:10:00','2026-07-19 23:20:09','2026-07-19 23:22:39',0),(9336,920401,9204,203,1,NULL,NULL,NULL,'了解深度学习基本方法','符合选课要求，审核通过','2026-07-03 09:20:00','2026-07-03 10:20:00','2026-07-19 23:20:09','2026-07-19 23:30:06',0),(9337,940301,9403,203,1,NULL,NULL,NULL,'参加科技创新训练','符合选课要求，审核通过','2026-07-03 09:25:00','2026-07-03 10:25:00','2026-07-19 23:20:09','2026-07-19 23:30:06',0),(9338,910602,9106,204,1,NULL,NULL,NULL,'理解操作系统核心原理','符合选课要求，审核通过','2026-07-04 09:05:00','2026-07-04 10:05:00','2026-07-19 23:20:09','2026-07-19 23:22:39',0),(9339,910702,9107,204,1,NULL,NULL,NULL,'学习计算机网络基础','符合选课要求，审核通过','2026-07-04 09:10:00','2026-07-04 10:10:00','2026-07-19 23:20:09','2026-07-19 23:22:39',0),(9340,920502,9205,204,1,NULL,NULL,NULL,'掌握云计算和容器技术','符合选课要求，审核通过','2026-07-04 09:15:00','2026-07-04 10:15:00','2026-07-19 23:20:09','2026-07-19 23:22:39',0),(9341,930201,9302,204,1,NULL,NULL,NULL,'提前规划职业发展方向','符合选课要求，审核通过','2026-07-04 09:20:00','2026-07-04 10:20:00','2026-07-19 23:20:09','2026-07-19 23:30:06',0),(9342,940201,9402,204,1,NULL,NULL,NULL,'参与企业项目综合实训','符合选课要求，审核通过','2026-07-04 09:25:00','2026-07-04 10:25:00','2026-07-19 23:20:09','2026-07-19 23:30:06',0),(9343,910802,9108,205,1,NULL,NULL,NULL,'学习软件工程开发流程','符合选课要求，审核通过','2026-07-05 09:05:00','2026-07-05 10:05:00','2026-07-19 23:20:09','2026-07-19 23:22:39',0),(9344,911002,9110,205,1,NULL,NULL,NULL,'掌握 Linux 系统管理技能','符合选课要求，审核通过','2026-07-05 09:10:00','2026-07-05 10:10:00','2026-07-19 23:20:09','2026-07-19 23:22:39',0),(9345,920602,9206,205,1,NULL,NULL,NULL,'了解大数据技术体系','符合选课要求，审核通过','2026-07-05 09:15:00','2026-07-05 10:15:00','2026-07-19 23:20:09','2026-07-19 23:22:39',0),(9346,940401,9404,205,1,NULL,NULL,NULL,'参加 ACM 程序设计训练','符合选课要求，审核通过','2026-07-05 09:25:00','2026-07-05 10:25:00','2026-07-19 23:20:09','2026-07-19 23:30:06',0),(9395,910502,9105,201,0,NULL,NULL,NULL,NULL,NULL,'2026-07-22 11:41:23',NULL,'2026-07-22 11:41:23','2026-07-22 11:41:23',0),(9396,910902,9109,201,0,NULL,NULL,NULL,NULL,NULL,'2026-07-22 11:41:37',NULL,'2026-07-22 11:41:37','2026-07-22 11:41:37',0);
/*!40000 ALTER TABLE `tb_enrollment` ENABLE KEYS */;
UNLOCK TABLES;

--
-- Table structure for table `tb_exam`
--

DROP TABLE IF EXISTS `tb_exam`;
/*!40101 SET @saved_cs_client     = @@character_set_client */;
/*!50503 SET character_set_client = utf8mb4 */;
CREATE TABLE `tb_exam` (
  `id` bigint NOT NULL AUTO_INCREMENT COMMENT '考试ID',
  `course_id` bigint NOT NULL COMMENT '课程ID，对应 tb_course.id',
  `teacher_id` bigint NOT NULL COMMENT '发布教师ID，对应 tb_user.id',
  `title` varchar(100) NOT NULL COMMENT '考试标题',
  `description` text COMMENT '考试说明',
  `start_time` datetime NOT NULL COMMENT '开始时间',
  `end_time` datetime NOT NULL COMMENT '结束时间',
  `full_score` int NOT NULL DEFAULT '100' COMMENT '满分',
  `duration` int NOT NULL DEFAULT '60' COMMENT '考试时长（分钟）',
  `max_attempts` int NOT NULL DEFAULT '1' COMMENT '允许提交次数',
  `status` tinyint NOT NULL DEFAULT '0' COMMENT '考试状态：0=草稿，1=已发布，2=已结束',
  `created_at` datetime NOT NULL DEFAULT CURRENT_TIMESTAMP COMMENT '创建时间',
  `updated_at` datetime NOT NULL DEFAULT CURRENT_TIMESTAMP ON UPDATE CURRENT_TIMESTAMP COMMENT '更新时间',
  `deleted` tinyint NOT NULL DEFAULT '0' COMMENT '逻辑删除：0=正常，1=删除',
  PRIMARY KEY (`id`),
  KEY `idx_exam_course` (`course_id`),
  KEY `idx_exam_teacher` (`teacher_id`),
  KEY `idx_exam_time` (`start_time`,`end_time`),
  CONSTRAINT `fk_exam_course` FOREIGN KEY (`course_id`) REFERENCES `tb_course` (`id`) ON DELETE RESTRICT ON UPDATE CASCADE,
  CONSTRAINT `fk_exam_teacher` FOREIGN KEY (`teacher_id`) REFERENCES `tb_user` (`id`) ON DELETE RESTRICT ON UPDATE CASCADE
) ENGINE=InnoDB AUTO_INCREMENT=9513 DEFAULT CHARSET=utf8mb4 COLLATE=utf8mb4_0900_ai_ci COMMENT='考试表';
/*!40101 SET character_set_client = @saved_cs_client */;

--
-- Dumping data for table `tb_exam`
--

LOCK TABLES `tb_exam` WRITE;
/*!40000 ALTER TABLE `tb_exam` DISABLE KEYS */;
INSERT INTO `tb_exam` VALUES (1,9101,101,'Java Web 阶段测验','覆盖登录、网关、课程和选课接口基础知识。','2026-07-01 09:00:00','2026-12-31 23:59:59',100,60,1,1,'2026-07-19 23:13:42','2026-07-19 23:13:42',0),(2,9102,101,'数据库设计小测','考察核心业务表、索引和逻辑删除设计。','2026-09-02 14:00:00','2026-09-02 15:30:00',100,90,1,1,'2026-07-19 23:13:42','2026-07-19 23:13:42',0),(3,9103,101,'MyBatis Plus 基础测验','核心注解和 CRUD 操作。','2026-09-10 19:00:00','2026-09-10 20:00:00',100,45,1,2,'2026-07-19 23:13:42','2026-07-19 23:13:42',0),(4,9201,103,'Python 数据分析测验','Pandas 和 NumPy 基础。','2026-08-28 10:00:00','2026-08-28 11:30:00',100,60,1,1,'2026-07-19 23:13:42','2026-07-19 23:13:42',0),(5,9104,101,'Spring Boot 微服务期中考试','覆盖 Spring Boot 核心配置、自动装配和微服务基础。','2026-09-15 09:00:00','2026-09-15 10:30:00',100,90,1,1,'2026-07-19 23:13:43','2026-07-19 23:13:43',0),(6,9105,101,'数据结构期中测验','线性表、栈、队列和树的基础知识。','2026-10-10 14:00:00','2026-10-10 15:30:00',100,90,1,1,'2026-07-19 23:13:43','2026-07-19 23:13:43',0),(7,9202,103,'Vue3 基础测验','Vue3 核心语法、组合式 API 和路由基础。','2026-09-20 10:00:00','2026-09-20 11:00:00',100,60,1,1,'2026-07-19 23:13:43','2026-07-19 23:13:43',0),(8,9203,103,'人工智能基础测验','AI 发展史、机器学习和深度学习入门。','2026-10-05 14:00:00','2026-10-05 15:00:00',100,60,1,1,'2026-07-19 23:13:43','2026-07-19 23:13:43',0),(9501,9101,9002,'Java Web 阶段测验','覆盖登录、网关、课程和选课接口基础知识。','2026-07-30 09:00:00','2026-07-30 11:00:00',100,60,99,1,'2026-07-09 22:39:30','2026-07-19 23:13:42',0),(9502,9102,9002,'数据库设计小测','考察核心业务表、索引和逻辑删除设计。','2026-08-02 14:00:00','2026-08-02 15:30:00',100,60,99,0,'2026-07-09 22:39:30','2026-07-19 23:13:42',0),(9503,9103,9003,'Vue3 组件化测验','考察路由、状态管理和组件拆分。','2026-07-19 19:00:00','2026-07-19 20:00:00',100,60,99,2,'2026-07-09 22:39:30','2026-07-19 23:13:42',0),(9504,9101,101,'Java Web 阶段测验','覆盖登录、网关、课程和选课接口基础知识。','2026-08-30 09:00:00','2026-08-30 11:00:00',100,60,99,1,'2026-07-18 13:29:55','2026-07-19 23:13:42',0),(9505,9102,101,'数据库设计小测','考察核心业务表、索引和逻辑删除设计。','2026-09-02 14:00:00','2026-09-02 15:30:00',100,60,99,0,'2026-07-18 13:29:55','2026-07-19 23:13:42',0),(9506,9103,101,'MyBatis Plus 基础测验','核心注解和 CRUD 操作。','2026-09-10 19:00:00','2026-09-10 20:00:00',100,60,99,2,'2026-07-18 13:29:55','2026-07-19 23:13:42',0),(9507,9201,103,'Python 数据分析测验','Pandas 和 NumPy 基础。','2026-08-28 10:00:00','2026-08-28 11:30:00',100,60,99,0,'2026-07-18 13:29:55','2026-07-19 23:13:42',0),(9508,9101,1000,'Java Web 阶段测验','覆盖登录、网关、课程和选课接口基础知识。','2026-08-30 09:00:00','2026-08-30 11:00:00',100,60,99,1,'2026-07-19 23:12:26','2026-07-19 23:13:42',0),(9509,9102,1000,'数据库设计小测','考察核心业务表、索引和逻辑删除设计。','2026-09-02 14:00:00','2026-09-02 15:30:00',100,60,99,0,'2026-07-19 23:12:26','2026-07-19 23:13:42',0),(9510,9103,1000,'MyBatis Plus 基础测验','核心注解和 CRUD 操作。','2026-09-10 19:00:00','2026-09-10 20:00:00',100,60,99,2,'2026-07-19 23:12:26','2026-07-19 23:13:42',0),(9511,9201,1001,'Python 数据分析测验','Pandas 和 NumPy 基础。','2026-08-28 10:00:00','2026-08-28 11:30:00',100,60,99,0,'2026-07-19 23:12:26','2026-07-19 23:13:42',0),(9512,9110,102,'1','1','2026-07-19 00:00:00','2026-07-23 00:00:00',15,60,1,1,'2026-07-20 09:22:57','2026-07-20 09:23:09',1);
/*!40000 ALTER TABLE `tb_exam` ENABLE KEYS */;
UNLOCK TABLES;

--
-- Table structure for table `tb_exam_attempt`
--

DROP TABLE IF EXISTS `tb_exam_attempt`;
/*!40101 SET @saved_cs_client     = @@character_set_client */;
/*!50503 SET character_set_client = utf8mb4 */;
CREATE TABLE `tb_exam_attempt` (
  `id` bigint NOT NULL AUTO_INCREMENT COMMENT '考试参与记录ID',
  `exam_id` bigint NOT NULL COMMENT '考试ID，对应 tb_exam.id',
  `student_id` bigint NOT NULL COMMENT '学生ID，对应 tb_user.id',
  `answer_content` longtext COMMENT '考试作答内容，后续可改为结构化答题明细',
  `status` tinyint NOT NULL DEFAULT '0' COMMENT '参与状态：0=进行中，1=已提交，2=已批改',
  `score` int DEFAULT NULL COMMENT '考试得分',
  `teacher_comment` text COMMENT '教师评语',
  `started_at` datetime NOT NULL DEFAULT CURRENT_TIMESTAMP COMMENT '开始考试时间',
  `submitted_at` datetime DEFAULT NULL COMMENT '交卷时间',
  `graded_at` datetime DEFAULT NULL COMMENT '批改时间',
  `created_at` datetime NOT NULL DEFAULT CURRENT_TIMESTAMP COMMENT '创建时间',
  `updated_at` datetime NOT NULL DEFAULT CURRENT_TIMESTAMP ON UPDATE CURRENT_TIMESTAMP COMMENT '更新时间',
  PRIMARY KEY (`id`),
  UNIQUE KEY `uk_exam_attempt_exam_student` (`exam_id`,`student_id`),
  KEY `idx_exam_attempt_student` (`student_id`),
  KEY `idx_exam_attempt_status` (`exam_id`,`status`),
  CONSTRAINT `fk_exam_attempt_exam` FOREIGN KEY (`exam_id`) REFERENCES `tb_exam` (`id`) ON DELETE RESTRICT ON UPDATE CASCADE,
  CONSTRAINT `fk_exam_attempt_student` FOREIGN KEY (`student_id`) REFERENCES `tb_user` (`id`) ON DELETE RESTRICT ON UPDATE CASCADE
) ENGINE=InnoDB AUTO_INCREMENT=4 DEFAULT CHARSET=utf8mb4 COLLATE=utf8mb4_0900_ai_ci COMMENT='学生考试参与记录表';
/*!40101 SET character_set_client = @saved_cs_client */;

--
-- Dumping data for table `tb_exam_attempt`
--

LOCK TABLES `tb_exam_attempt` WRITE;
/*!40000 ALTER TABLE `tb_exam_attempt` DISABLE KEYS */;
INSERT INTO `tb_exam_attempt` VALUES (1,1,201,'[{\"questionId\":1,\"type\":0,\"answer\":\"B\"},{\"questionId\":2,\"type\":0,\"answer\":\"A\"},{\"questionId\":3,\"type\":0,\"answer\":\"B\"},{\"questionId\":4,\"type\":0,\"answer\":\"C\"},{\"questionId\":5,\"type\":1,\"answer\":\"1\"},{\"questionId\":6,\"type\":1,\"answer\":\"1\"}]',2,20,NULL,'2026-07-22 11:51:30','2026-07-22 11:51:46','2026-07-22 11:51:46','2026-07-22 11:51:30','2026-07-22 11:51:46');
/*!40000 ALTER TABLE `tb_exam_attempt` ENABLE KEYS */;
UNLOCK TABLES;

--
-- Table structure for table `tb_grade_component`
--

DROP TABLE IF EXISTS `tb_grade_component`;
/*!40101 SET @saved_cs_client     = @@character_set_client */;
/*!50503 SET character_set_client = utf8mb4 */;
CREATE TABLE `tb_grade_component` (
  `id` bigint NOT NULL AUTO_INCREMENT COMMENT '成绩组成项ID',
  `course_id` bigint NOT NULL COMMENT '课程ID，对应 tb_course.id',
  `name` varchar(50) NOT NULL COMMENT '组成项名称，如 平时作业、期中考试、期末考试',
  `weight` decimal(5,4) NOT NULL COMMENT '权重，如 0.3000 表示 30%',
  `max_score` smallint DEFAULT NULL COMMENT '满分',
  `sort_order` int DEFAULT '0' COMMENT '排序',
  `created_at` datetime NOT NULL DEFAULT CURRENT_TIMESTAMP COMMENT '创建时间',
  `updated_at` datetime NOT NULL DEFAULT CURRENT_TIMESTAMP ON UPDATE CURRENT_TIMESTAMP COMMENT '更新时间',
  PRIMARY KEY (`id`),
  KEY `idx_grade_component_course` (`course_id`),
  KEY `idx_grade_component_sort` (`course_id`,`sort_order`),
  CONSTRAINT `fk_grade_component_course` FOREIGN KEY (`course_id`) REFERENCES `tb_course` (`id`) ON DELETE RESTRICT ON UPDATE CASCADE
) ENGINE=InnoDB AUTO_INCREMENT=97 DEFAULT CHARSET=utf8mb4 COLLATE=utf8mb4_0900_ai_ci COMMENT='成绩组成项表';
/*!40101 SET character_set_client = @saved_cs_client */;

--
-- Dumping data for table `tb_grade_component`
--

LOCK TABLES `tb_grade_component` WRITE;
/*!40000 ALTER TABLE `tb_grade_component` DISABLE KEYS */;
INSERT INTO `tb_grade_component` VALUES (1,9101,'平时作业',0.3000,100,1,'2026-07-18 13:27:59','2026-07-18 13:27:59'),(2,9101,'期中考试',0.3000,100,2,'2026-07-18 13:27:59','2026-07-18 13:27:59'),(3,9101,'期末考试',0.4000,100,3,'2026-07-18 13:27:59','2026-07-18 13:27:59'),(4,9105,'平时作业',0.2000,100,1,'2026-07-18 13:27:59','2026-07-18 13:27:59'),(5,9105,'实验报告',0.2000,100,2,'2026-07-18 13:27:59','2026-07-18 13:27:59'),(6,9105,'期中考试',0.2000,100,3,'2026-07-18 13:27:59','2026-07-18 13:27:59'),(7,9105,'期末考试',0.4000,100,4,'2026-07-18 13:27:59','2026-07-18 13:27:59'),(8,9201,'平时作业',0.4000,100,1,'2026-07-18 13:27:59','2026-07-18 13:27:59'),(9,9201,'期末考试',0.6000,100,2,'2026-07-18 13:27:59','2026-07-18 13:27:59'),(10,9301,'课堂参与',0.3000,100,1,'2026-07-18 13:27:59','2026-07-18 13:27:59'),(11,9301,'课程论文',0.7000,100,2,'2026-07-18 13:27:59','2026-07-18 13:27:59'),(12,9405,'中期检查',0.3000,100,1,'2026-07-18 13:27:59','2026-07-18 13:27:59'),(13,9405,'论文评阅',0.2000,100,2,'2026-07-18 13:27:59','2026-07-18 13:27:59'),(14,9405,'答辩成绩',0.5000,100,3,'2026-07-18 13:27:59','2026-07-18 13:27:59'),(15,9102,'平时作业',0.2000,100,1,'2026-07-18 15:59:28','2026-07-18 15:59:28'),(16,9102,'实验报告',0.2000,100,2,'2026-07-18 15:59:28','2026-07-18 15:59:28'),(17,9102,'期中考试',0.2000,100,3,'2026-07-18 15:59:28','2026-07-18 15:59:28'),(18,9102,'期末考试',0.4000,100,4,'2026-07-18 15:59:28','2026-07-18 15:59:28'),(19,9103,'平时作业',0.4000,100,1,'2026-07-18 15:59:28','2026-07-18 15:59:28'),(20,9103,'上机考核',0.2000,100,2,'2026-07-18 15:59:28','2026-07-18 15:59:28'),(21,9103,'期末考试',0.4000,100,3,'2026-07-18 15:59:28','2026-07-18 15:59:28'),(22,9104,'平时作业',0.2000,100,1,'2026-07-18 15:59:28','2026-07-18 15:59:28'),(23,9104,'阶段项目',0.3000,100,2,'2026-07-18 15:59:28','2026-07-18 15:59:28'),(24,9104,'期末考试',0.5000,100,3,'2026-07-18 15:59:28','2026-07-18 15:59:28'),(25,9106,'平时作业',0.2000,100,1,'2026-07-18 15:59:28','2026-07-18 15:59:28'),(26,9106,'实验报告',0.2000,100,2,'2026-07-18 15:59:28','2026-07-18 15:59:28'),(27,9106,'期中考试',0.2000,100,3,'2026-07-18 15:59:28','2026-07-18 15:59:28'),(28,9106,'期末考试',0.4000,100,4,'2026-07-18 15:59:28','2026-07-18 15:59:28'),(29,9107,'平时作业',0.2000,100,1,'2026-07-18 15:59:28','2026-07-18 15:59:28'),(30,9107,'实验报告',0.2000,100,2,'2026-07-18 15:59:28','2026-07-18 15:59:28'),(31,9107,'期中考试',0.2000,100,3,'2026-07-18 15:59:28','2026-07-18 15:59:28'),(32,9107,'期末考试',0.4000,100,4,'2026-07-18 15:59:28','2026-07-18 15:59:28'),(33,9108,'平时作业',0.2000,100,1,'2026-07-18 15:59:28','2026-07-18 15:59:28'),(34,9108,'团队项目',0.3000,100,2,'2026-07-18 15:59:28','2026-07-18 15:59:28'),(35,9108,'期末考试',0.5000,100,3,'2026-07-18 15:59:28','2026-07-18 15:59:28'),(36,9109,'平时作业',0.2000,100,1,'2026-07-18 15:59:28','2026-07-18 15:59:28'),(37,9109,'实验报告',0.3000,100,2,'2026-07-18 15:59:28','2026-07-18 15:59:28'),(38,9109,'期末考试',0.5000,100,3,'2026-07-18 15:59:28','2026-07-18 15:59:28'),(39,9110,'平时作业',0.2000,100,1,'2026-07-18 15:59:28','2026-07-18 15:59:28'),(40,9110,'上机操作',0.3000,100,2,'2026-07-18 15:59:28','2026-07-18 15:59:28'),(41,9110,'期末考核',0.5000,100,3,'2026-07-18 15:59:28','2026-07-18 15:59:28'),(42,9202,'平时作业',0.3000,100,1,'2026-07-18 15:59:28','2026-07-18 15:59:28'),(43,9202,'项目实战',0.3000,100,2,'2026-07-18 15:59:28','2026-07-18 15:59:28'),(44,9202,'期末考试',0.4000,100,3,'2026-07-18 15:59:28','2026-07-18 15:59:28'),(45,9203,'平时作业',0.3000,100,1,'2026-07-18 15:59:28','2026-07-18 15:59:28'),(46,9203,'实验报告',0.3000,100,2,'2026-07-18 15:59:28','2026-07-18 15:59:28'),(47,9203,'期末考试',0.4000,100,3,'2026-07-18 15:59:28','2026-07-18 15:59:28'),(48,9204,'平时作业',0.2000,100,1,'2026-07-18 15:59:28','2026-07-18 15:59:28'),(49,9204,'实验项目',0.3000,100,2,'2026-07-18 15:59:28','2026-07-18 15:59:28'),(50,9204,'期末项目',0.5000,100,3,'2026-07-18 15:59:28','2026-07-18 15:59:28'),(51,9205,'平时作业',0.3000,100,1,'2026-07-18 15:59:28','2026-07-18 15:59:28'),(52,9205,'实验操作',0.3000,100,2,'2026-07-18 15:59:28','2026-07-18 15:59:28'),(53,9205,'期末考试',0.4000,100,3,'2026-07-18 15:59:28','2026-07-18 15:59:28'),(54,9206,'平时作业',0.2000,100,1,'2026-07-18 15:59:28','2026-07-18 15:59:28'),(55,9206,'实验报告',0.3000,100,2,'2026-07-18 15:59:28','2026-07-18 15:59:28'),(56,9206,'期末考试',0.5000,100,3,'2026-07-18 15:59:28','2026-07-18 15:59:28'),(57,9302,'课堂参与',0.3000,100,1,'2026-07-18 15:59:28','2026-07-18 15:59:28'),(58,9302,'职业生涯规划书',0.7000,100,2,'2026-07-18 15:59:28','2026-07-18 15:59:28'),(59,9303,'平时作业',0.2000,100,1,'2026-07-18 15:59:28','2026-07-18 15:59:28'),(60,9303,'课堂表现',0.1000,100,2,'2026-07-18 15:59:28','2026-07-18 15:59:28'),(61,9303,'期中考试',0.2000,100,3,'2026-07-18 15:59:28','2026-07-18 15:59:28'),(62,9303,'期末考试',0.5000,100,4,'2026-07-18 15:59:28','2026-07-18 15:59:28'),(63,9304,'平时作业',0.2000,100,1,'2026-07-18 15:59:28','2026-07-18 15:59:28'),(64,9304,'课堂参与',0.1000,100,2,'2026-07-18 15:59:28','2026-07-18 15:59:28'),(65,9304,'期中考试',0.2000,100,3,'2026-07-18 15:59:28','2026-07-18 15:59:28'),(66,9304,'期末考试',0.5000,100,4,'2026-07-18 15:59:28','2026-07-18 15:59:28'),(67,9305,'考勤表现',0.2000,100,1,'2026-07-18 15:59:28','2026-07-18 15:59:28'),(68,9305,'体能测试',0.3000,100,2,'2026-07-18 15:59:28','2026-07-18 15:59:28'),(69,9305,'技能考核',0.5000,100,3,'2026-07-18 15:59:28','2026-07-18 15:59:28'),(70,9401,'项目贡献',0.4000,100,1,'2026-07-18 15:59:28','2026-07-18 15:59:28'),(71,9401,'项目报告',0.3000,100,2,'2026-07-18 15:59:28','2026-07-18 15:59:28'),(72,9401,'答辩演示',0.3000,100,3,'2026-07-18 15:59:28','2026-07-18 15:59:28'),(73,9402,'需求分析',0.1500,100,1,'2026-07-18 15:59:28','2026-07-18 15:59:28'),(74,9402,'系统设计',0.1500,100,2,'2026-07-18 15:59:28','2026-07-18 15:59:28'),(75,9402,'项目实现',0.4000,100,3,'2026-07-18 15:59:28','2026-07-18 15:59:28'),(76,9402,'答辩演示',0.3000,100,4,'2026-07-18 15:59:28','2026-07-18 15:59:28'),(77,9403,'创新报告',0.3000,100,1,'2026-07-18 15:59:28','2026-07-18 15:59:28'),(78,9403,'成果展示',0.3000,100,2,'2026-07-18 15:59:28','2026-07-18 15:59:28'),(79,9403,'答辩考核',0.4000,100,3,'2026-07-18 15:59:28','2026-07-18 15:59:28'),(80,9404,'日常训练',0.3000,100,1,'2026-07-18 15:59:28','2026-07-18 15:59:28'),(81,9404,'模拟竞赛',0.3000,100,2,'2026-07-18 15:59:28','2026-07-18 15:59:28'),(82,9404,'竞赛成绩',0.4000,100,3,'2026-07-18 15:59:28','2026-07-18 15:59:28');
/*!40000 ALTER TABLE `tb_grade_component` ENABLE KEYS */;
UNLOCK TABLES;

--
-- Table structure for table `tb_question`
--

DROP TABLE IF EXISTS `tb_question`;
/*!40101 SET @saved_cs_client     = @@character_set_client */;
/*!50503 SET character_set_client = utf8mb4 */;
CREATE TABLE `tb_question` (
  `id` bigint NOT NULL AUTO_INCREMENT COMMENT '题目ID',
  `exam_id` bigint NOT NULL COMMENT '考试ID，对应 tb_exam.id',
  `type` tinyint NOT NULL COMMENT '题型：0=选择题，1=填空题',
  `title` text NOT NULL COMMENT '题目内容',
  `options` text COMMENT '选择题选项，JSON 数组',
  `answer` text COMMENT '正确答案',
  `score` int NOT NULL DEFAULT '10' COMMENT '题目分值',
  `sort_order` int NOT NULL DEFAULT '0' COMMENT '题目顺序',
  `created_at` datetime NOT NULL DEFAULT CURRENT_TIMESTAMP COMMENT '创建时间',
  `updated_at` datetime NOT NULL DEFAULT CURRENT_TIMESTAMP ON UPDATE CURRENT_TIMESTAMP COMMENT '更新时间',
  PRIMARY KEY (`id`),
  KEY `idx_question_exam_sort` (`exam_id`,`sort_order`),
  CONSTRAINT `fk_question_exam` FOREIGN KEY (`exam_id`) REFERENCES `tb_exam` (`id`) ON DELETE RESTRICT ON UPDATE CASCADE
) ENGINE=InnoDB AUTO_INCREMENT=65 DEFAULT CHARSET=utf8mb4 COLLATE=utf8mb4_0900_ai_ci COMMENT='考试题目表';
/*!40101 SET character_set_client = @saved_cs_client */;

--
-- Dumping data for table `tb_question`
--

LOCK TABLES `tb_question` WRITE;
/*!40000 ALTER TABLE `tb_question` DISABLE KEYS */;
INSERT INTO `tb_question` VALUES (1,1,0,'Spring Boot 中，以下哪个注解用于启动自动配置？','[\"@EnableAutoConfiguration\",\"@SpringBootApplication\",\"@Configuration\",\"@ComponentScan\"]','B',10,1,'2026-07-19 23:13:43','2026-07-19 23:13:43'),(2,1,0,'HTTP 状态码 401 表示什么？','[\"服务器内部错误\",\"资源未找到\",\"未授权（需要身份验证）\",\"请求超时\"]','C',10,2,'2026-07-19 23:13:43','2026-07-19 23:13:43'),(3,1,0,'以下哪个是 MyBatis Plus 的核心功能？','[\"自动建表\",\"代码生成器\",\"分布式事务\",\"服务网格\"]','B',10,3,'2026-07-19 23:13:43','2026-07-19 23:13:43'),(4,1,0,'JWT 中 Token 通常存放在 HTTP 请求的哪个头部？','[\"Authorization\",\"Content-Type\",\"Accept\",\"Cookie\"]','A',10,4,'2026-07-19 23:13:43','2026-07-19 23:13:43'),(5,1,1,'Spring Boot 默认内嵌的 Web 服务器是 ______。',NULL,'Tomcat',10,5,'2026-07-19 23:13:43','2026-07-19 23:13:43'),(6,1,1,'MyBatis Plus 中，逻辑删除的全局配置属性是 ______。',NULL,'logic-delete-field',10,6,'2026-07-19 23:13:43','2026-07-19 23:13:43'),(7,2,0,'数据库设计中，以下哪个是逻辑设计的产物？','[\"E-R图\",\"关系模式\",\"物理存储结构\",\"索引文件\"]','B',20,1,'2026-07-19 23:13:43','2026-07-19 23:13:43'),(8,2,0,'MySQL 中，以下哪个存储引擎支持事务？','[\"MyISAM\",\"InnoDB\",\"Memory\",\"Archive\"]','B',20,2,'2026-07-19 23:13:43','2026-07-19 23:13:43'),(9,2,0,'以下哪个是索引的类型？','[\"B+树索引\",\"链表索引\",\"栈索引\",\"队列索引\"]','A',20,3,'2026-07-19 23:13:43','2026-07-19 23:13:43'),(10,2,1,'数据库事务的四个特性简称 ______。',NULL,'ACID',20,4,'2026-07-19 23:13:43','2026-07-19 23:13:43'),(11,2,1,'MyBatis Plus 中，逻辑删除的字段值 1 表示 ______。',NULL,'已删除',20,5,'2026-07-19 23:13:43','2026-07-19 23:13:43'),(12,3,0,'MyBatis Plus 中，以下哪个注解用于标识主键？','[\"@TableId\",\"@TableField\",\"@TableName\",\"@Key\"]','A',20,1,'2026-07-19 23:13:43','2026-07-19 23:13:43'),(13,3,0,'BaseMapper 接口中，用于根据 ID 查询的方法是？','[\"selectOne\",\"selectById\",\"getById\",\"findById\"]','B',20,2,'2026-07-19 23:13:43','2026-07-19 23:13:43'),(14,3,0,'MyBatis Plus 的条件构造器类是？','[\"QueryWrapper\",\"ConditionBuilder\",\"SqlBuilder\",\"CriteriaQuery\"]','A',20,3,'2026-07-19 23:13:43','2026-07-19 23:13:43'),(15,3,0,'以下哪个 MyBatis Plus 功能可以实现自动填充时间字段？','[\"MetaObjectHandler\",\"TimeHandler\",\"FieldFill\",\"AutoDate\"]','A',20,4,'2026-07-19 23:13:43','2026-07-19 23:13:43'),(16,3,0,'MyBatis Plus 的分页插件是？','[\"PaginationInterceptor\",\"PageHelper\",\"MyBatisPage\",\"DataPager\"]','A',20,5,'2026-07-19 23:13:43','2026-07-19 23:13:43'),(17,4,0,'Pandas 中，读取 CSV 文件的函数是？','[\"read_excel\",\"read_csv\",\"load_csv\",\"import_csv\"]','B',12,1,'2026-07-19 23:13:43','2026-07-19 23:13:43'),(18,4,0,'NumPy 中，创建全零数组的函数是？','[\"ones\",\"zeros\",\"empty\",\"full\"]','B',12,2,'2026-07-19 23:13:43','2026-07-19 23:13:43'),(19,4,0,'Pandas 中，用于删除缺失值的函数是？','[\"fillna\",\"dropna\",\"remove_na\",\"delete_na\"]','B',12,3,'2026-07-19 23:13:43','2026-07-19 23:13:43'),(20,4,0,'以下哪个库主要用于数据可视化？','[\"Pandas\",\"NumPy\",\"Matplotlib\",\"Scipy\"]','C',12,4,'2026-07-19 23:13:43','2026-07-19 23:13:43'),(21,4,1,'Pandas 中，按列筛选的语法是 df[______]？',NULL,'列名',12,5,'2026-07-19 23:13:43','2026-07-19 23:13:43'),(22,4,1,'NumPy 数组的维度属性是 ______。',NULL,'shape',12,6,'2026-07-19 23:13:43','2026-07-19 23:13:43'),(23,4,1,'Pandas 中，分组聚合的函数是 ______。',NULL,'groupby',14,7,'2026-07-19 23:13:43','2026-07-19 23:13:43'),(24,4,1,'Matplotlib 中，显示图形的函数是 plt.______()。',NULL,'show',14,8,'2026-07-19 23:13:43','2026-07-19 23:13:43'),(25,5,0,'Spring Boot 的默认配置文件是？','[\"application.properties\",\"spring.xml\",\"web.xml\",\"config.yml\"]','A',10,1,'2026-07-19 23:13:43','2026-07-19 23:13:43'),(26,5,0,'以下哪个注解用于将类标记为配置类？','[\"@Component\",\"@Service\",\"@Configuration\",\"@Bean\"]','C',10,2,'2026-07-19 23:13:43','2026-07-19 23:13:43'),(27,5,0,'Spring Boot 内嵌的 Tomcat 默认端口是？','[\"8080\",\"80\",\"8443\",\"9090\"]','A',10,3,'2026-07-19 23:13:43','2026-07-19 23:13:43'),(28,5,0,'Actuator 的健康检查端点路径是？','[\"/health\",\"/info\",\"/metrics\",\"/status\"]','A',10,4,'2026-07-19 23:13:43','2026-07-19 23:13:43'),(29,5,0,'以下哪个是 Spring Cloud 的服务注册中心？','[\"Nacos\",\"Redis\",\"RabbitMQ\",\"Elasticsearch\"]','A',10,5,'2026-07-19 23:13:43','2026-07-19 23:13:43'),(30,5,1,'Spring Boot 中，读取配置文件的注解是 @______。',NULL,'Value',10,6,'2026-07-19 23:13:43','2026-07-19 23:13:43'),(31,5,1,'Spring Boot 的自动配置核心注解是 @______。',NULL,'EnableAutoConfiguration',10,7,'2026-07-19 23:13:43','2026-07-19 23:13:43'),(32,5,1,'将 Spring Boot 应用打包成可执行 JAR 的插件是 ______。',NULL,'spring-boot-maven-plugin',10,8,'2026-07-19 23:13:43','2026-07-19 23:13:43'),(33,5,1,'微服务架构中，API 网关常用的功能是 ______ 和路由。',NULL,'负载均衡',10,9,'2026-07-19 23:13:43','2026-07-19 23:13:43'),(34,5,1,'Spring Cloud 中，负载均衡的客户端是 ______。',NULL,'Ribbon',10,10,'2026-07-19 23:13:43','2026-07-19 23:13:43'),(35,6,0,'栈的运算特点是？','[\"先进先出\",\"先进后出\",\"随机访问\",\"双端进出\"]','B',10,1,'2026-07-19 23:13:43','2026-07-19 23:13:43'),(36,6,0,'以下哪种数据结构适合实现广度优先搜索？','[\"栈\",\"队列\",\"数组\",\"链表\"]','B',10,2,'2026-07-19 23:13:43','2026-07-19 23:13:43'),(37,6,0,'二叉树中，度为 2 的节点数比叶子节点数少？','[\"0\",\"1\",\"2\",\"不确定\"]','B',10,3,'2026-07-19 23:13:43','2026-07-19 23:13:43'),(38,6,0,'快速排序的平均时间复杂度是？','[\"O(n)\",\"O(nlogn)\",\"O(n²)\",\"O(logn)\"]','B',10,4,'2026-07-19 23:13:43','2026-07-19 23:13:43'),(39,6,0,'哈希表解决冲突的方法不包括？','[\"链地址法\",\"开放地址法\",\"再哈希法\",\"冒泡法\"]','D',10,5,'2026-07-19 23:13:43','2026-07-19 23:13:43'),(40,6,1,'线性表的顺序存储结构称为 ______。',NULL,'顺序表',10,6,'2026-07-19 23:13:43','2026-07-19 23:13:43'),(41,6,1,'完全二叉树可以用 ______ 存储结构实现。',NULL,'顺序',10,7,'2026-07-19 23:13:43','2026-07-19 23:13:43'),(42,6,1,'图的深度优先遍历使用的辅助数据结构是 ______。',NULL,'栈',10,8,'2026-07-19 23:13:43','2026-07-19 23:13:43'),(43,6,1,'折半查找要求线性表必须采用 ______ 存储结构。',NULL,'顺序',10,9,'2026-07-19 23:13:43','2026-07-19 23:13:43'),(44,6,1,'最小生成树的经典算法有 Prim 和 ______。',NULL,'Kruskal',10,10,'2026-07-19 23:13:43','2026-07-19 23:13:43'),(45,7,0,'Vue3 中，以下哪个是组合式 API 的入口函数？','[\"setup\",\"data\",\"created\",\"mounted\"]','A',10,1,'2026-07-19 23:13:43','2026-07-19 23:13:43'),(46,7,0,'Vue3 中，创建响应式变量的函数是？','[\"ref\",\"reactive\",\"computed\",\"watch\"]','A',10,2,'2026-07-19 23:13:43','2026-07-19 23:13:43'),(47,7,0,'Vue Router 中，用于导航到新路径的方法是？','[\"push\",\"go\",\"link\",\"navigate\"]','A',10,3,'2026-07-19 23:13:43','2026-07-19 23:13:43'),(48,7,0,'以下哪个是 Vue3 的状态管理库？','[\"Pinia\",\"Vuex\",\"Redux\",\"MobX\"]','A',10,4,'2026-07-19 23:13:43','2026-07-19 23:13:43'),(49,7,0,'Vue3 中，侦听器函数是？','[\"watch\",\"watchEffect\",\"computed\",\"onMounted\"]','A',10,5,'2026-07-19 23:13:43','2026-07-19 23:13:43'),(50,7,1,'Vue3 中，模板循环渲染的指令是 v-______。',NULL,'for',10,6,'2026-07-19 23:13:43','2026-07-19 23:13:43'),(51,7,1,'Vue3 组件间传递数据使用 ______。',NULL,'props',10,7,'2026-07-19 23:13:43','2026-07-19 23:13:43'),(52,7,1,'Vue3 中，获取 DOM 元素的特殊属性是 ref 和 ______。',NULL,'template ref',8,8,'2026-07-19 23:13:43','2026-07-19 23:13:43'),(53,7,1,'Vite 的开发服务器默认端口是 ______。',NULL,'5173',8,9,'2026-07-19 23:13:43','2026-07-19 23:13:43'),(54,7,1,'Element Plus 的表格组件是 el-______。',NULL,'table',12,10,'2026-07-19 23:13:43','2026-07-19 23:13:43'),(55,8,0,'以下哪个是监督学习的典型任务？','[\"分类\",\"聚类\",\"降维\",\"关联规则\"]','A',12,1,'2026-07-19 23:13:43','2026-07-19 23:13:43'),(56,8,0,'线性回归的损失函数通常使用？','[\"均方误差\",\"交叉熵\",\"Hinge损失\",\"余弦相似度\"]','A',12,2,'2026-07-19 23:13:43','2026-07-19 23:13:43'),(57,8,0,'以下哪个算法是集成学习方法？','[\"随机森林\",\"KNN\",\"K-Means\",\"PCA\"]','A',12,3,'2026-07-19 23:13:43','2026-07-19 23:13:43'),(58,8,0,'神经网络的激活函数中，哪个可以将输出压缩到 (0,1)？','[\"Sigmoid\",\"ReLU\",\"Tanh\",\"Leaky ReLU\"]','A',12,4,'2026-07-19 23:13:43','2026-07-19 23:13:43'),(59,8,0,'以下哪个是无监督学习算法？','[\"K-Means\",\"线性回归\",\"逻辑回归\",\"支持向量机\"]','A',12,5,'2026-07-19 23:13:43','2026-07-19 23:13:43'),(60,8,1,'机器学习中，防止过拟合的技术称为 ______。',NULL,'正则化',10,6,'2026-07-19 23:13:43','2026-07-19 23:13:43'),(61,8,1,'决策树中衡量不纯度的指标有信息增益和 ______。',NULL,'基尼指数',10,7,'2026-07-19 23:13:43','2026-07-19 23:13:43'),(62,8,1,'CNN 中用于缩小特征图尺寸的操作是 ______。',NULL,'池化',10,8,'2026-07-19 23:13:43','2026-07-19 23:13:43'),(63,8,1,'RNN 主要用于处理 ______ 数据。',NULL,'序列',10,9,'2026-07-19 23:13:43','2026-07-19 23:13:43'),(64,9512,0,'1','[\"1\",\"1\",\"1\",\"1\"]','B',15,1,'2026-07-20 09:22:57','2026-07-20 09:22:57');
/*!40000 ALTER TABLE `tb_question` ENABLE KEYS */;
UNLOCK TABLES;

--
-- Table structure for table `tb_student_grade`
--

DROP TABLE IF EXISTS `tb_student_grade`;
/*!40101 SET @saved_cs_client     = @@character_set_client */;
/*!50503 SET character_set_client = utf8mb4 */;
CREATE TABLE `tb_student_grade` (
  `id` bigint NOT NULL AUTO_INCREMENT COMMENT '学生成绩明细ID',
  `enrollment_id` bigint NOT NULL COMMENT '选课记录ID，对应 tb_enrollment.id',
  `component_id` bigint NOT NULL COMMENT '成绩组成项ID，对应 tb_grade_component.id',
  `score` decimal(6,2) DEFAULT NULL COMMENT '得分',
  `created_at` datetime NOT NULL DEFAULT CURRENT_TIMESTAMP COMMENT '创建时间',
  `updated_at` datetime NOT NULL DEFAULT CURRENT_TIMESTAMP ON UPDATE CURRENT_TIMESTAMP COMMENT '更新时间',
  PRIMARY KEY (`id`),
  UNIQUE KEY `uk_student_grade` (`enrollment_id`,`component_id`),
  KEY `idx_student_grade_enrollment` (`enrollment_id`),
  KEY `idx_student_grade_component` (`component_id`),
  CONSTRAINT `fk_student_grade_component` FOREIGN KEY (`component_id`) REFERENCES `tb_grade_component` (`id`) ON DELETE RESTRICT ON UPDATE CASCADE,
  CONSTRAINT `fk_student_grade_enrollment` FOREIGN KEY (`enrollment_id`) REFERENCES `tb_enrollment` (`id`) ON DELETE RESTRICT ON UPDATE CASCADE
) ENGINE=InnoDB DEFAULT CHARSET=utf8mb4 COLLATE=utf8mb4_0900_ai_ci COMMENT='学生成绩明细表';
/*!40101 SET character_set_client = @saved_cs_client */;

--
-- Dumping data for table `tb_student_grade`
--

LOCK TABLES `tb_student_grade` WRITE;
/*!40000 ALTER TABLE `tb_student_grade` DISABLE KEYS */;
/*!40000 ALTER TABLE `tb_student_grade` ENABLE KEYS */;
UNLOCK TABLES;

--
-- Table structure for table `tb_student_profile`
--

DROP TABLE IF EXISTS `tb_student_profile`;
/*!40101 SET @saved_cs_client     = @@character_set_client */;
/*!50503 SET character_set_client = utf8mb4 */;
CREATE TABLE `tb_student_profile` (
  `user_id` bigint NOT NULL COMMENT '用户ID，对应 tb_user.id',
  `student_no` varchar(32) NOT NULL COMMENT '学号',
  `real_name` varchar(50) NOT NULL COMMENT '学生姓名',
  `college` varchar(100) DEFAULT NULL COMMENT '学院',
  `major` varchar(100) DEFAULT NULL COMMENT '专业',
  `class_name` varchar(100) DEFAULT NULL COMMENT '班级',
  `grade` varchar(20) DEFAULT NULL COMMENT '年级',
  `enrollment_year` smallint DEFAULT NULL COMMENT '入学年份',
  `created_at` datetime NOT NULL DEFAULT CURRENT_TIMESTAMP COMMENT '创建时间',
  `updated_at` datetime NOT NULL DEFAULT CURRENT_TIMESTAMP ON UPDATE CURRENT_TIMESTAMP COMMENT '更新时间',
  `deleted` tinyint NOT NULL DEFAULT '0' COMMENT '逻辑删除：0=正常，1=删除',
  PRIMARY KEY (`user_id`),
  UNIQUE KEY `uk_student_profile_student_no` (`student_no`),
  CONSTRAINT `fk_student_profile_user` FOREIGN KEY (`user_id`) REFERENCES `tb_user` (`id`) ON DELETE RESTRICT ON UPDATE CASCADE
) ENGINE=InnoDB DEFAULT CHARSET=utf8mb4 COLLATE=utf8mb4_0900_ai_ci COMMENT='学生档案表';
/*!40101 SET character_set_client = @saved_cs_client */;

--
-- Dumping data for table `tb_student_profile`
--

LOCK TABLES `tb_student_profile` WRITE;
/*!40000 ALTER TABLE `tb_student_profile` DISABLE KEYS */;
INSERT INTO `tb_student_profile` VALUES (201,'2023001','张同学','计算机科学与技术学院','计算机科学与技术','计科2301班','2023',2023,'2026-07-18 13:27:10','2026-07-18 13:27:10',0),(202,'2023002','李同学','计算机科学与技术学院','软件工程','软工2301班','2023',2023,'2026-07-18 13:27:10','2026-07-18 13:27:10',0),(203,'2023003','王同学','软件工程系','软件工程','软工2302班','2023',2023,'2026-07-18 13:27:10','2026-07-18 13:27:10',0),(204,'2023004','赵同学','人工智能学院','人工智能','AI2301班','2023',2023,'2026-07-18 13:27:10','2026-07-18 13:27:10',0),(205,'2023005','刘同学','计算机科学与技术学院','计算机科学与技术','计科2302班','2023',2023,'2026-07-18 13:27:10','2026-07-18 13:27:10',0),(206,'2023006','陈同学','软件工程系','软件工程','软工2303班','2023',2023,'2026-07-18 13:27:10','2026-07-18 13:27:10',0),(207,'2023007','杨同学','人工智能学院','数据科学','数科2301班','2023',2023,'2026-07-18 13:27:10','2026-07-18 13:27:10',0),(208,'2023008','黄同学','计算机科学与技术学院','计算机科学与技术','计科2303班','2023',2023,'2026-07-18 13:27:10','2026-07-18 13:27:10',0),(209,'2023009','周同学','软件工程系','软件工程','软工2304班','2023',2023,'2026-07-18 13:27:10','2026-07-18 13:27:10',0),(210,'2023010','吴同学','计算机科学与技术学院','网络工程','网工2301班','2023',2023,'2026-07-18 13:27:10','2026-07-18 13:27:10',0),(211,'2023011','郑同学','人工智能学院','人工智能','AI2302班','2023',2023,'2026-07-18 13:27:10','2026-07-18 13:27:10',0),(212,'2023012','孙同学','计算机科学与技术学院','计算机科学与技术','计科2304班','2023',2023,'2026-07-18 13:27:10','2026-07-18 13:27:10',0),(213,'2023013','马同学','软件工程系','软件工程','软工2305班','2023',2023,'2026-07-18 13:27:10','2026-07-18 13:27:10',0),(214,'2023014','胡同学','计算机科学与技术学院','信息安全','信安2301班','2023',2023,'2026-07-18 13:27:10','2026-07-18 13:27:10',0),(215,'2023015','林同学','软件工程系','软件工程','软工2306班','2023',2023,'2026-07-18 13:27:10','2026-07-18 13:27:10',0),(9011,'S00009011','张同学',NULL,NULL,NULL,NULL,NULL,'2026-07-13 15:34:37','2026-07-13 15:34:37',0),(9012,'S00009012','陈同学',NULL,NULL,NULL,NULL,NULL,'2026-07-13 15:34:37','2026-07-13 15:34:37',0),(9013,'S00009013','刘同学',NULL,NULL,NULL,NULL,NULL,'2026-07-13 15:34:37','2026-07-13 15:34:37',0);
/*!40000 ALTER TABLE `tb_student_profile` ENABLE KEYS */;
UNLOCK TABLES;

--
-- Table structure for table `tb_submission`
--

DROP TABLE IF EXISTS `tb_submission`;
/*!40101 SET @saved_cs_client     = @@character_set_client */;
/*!50503 SET character_set_client = utf8mb4 */;
CREATE TABLE `tb_submission` (
  `id` bigint NOT NULL AUTO_INCREMENT COMMENT '作业提交ID',
  `assignment_id` bigint NOT NULL COMMENT '作业ID，对应 tb_assignment.id',
  `student_id` bigint NOT NULL COMMENT '学生ID，对应 tb_user.id',
  `content` text NOT NULL COMMENT '提交内容',
  `attachment_url` varchar(255) DEFAULT NULL COMMENT '附件地址',
  `status` tinyint NOT NULL DEFAULT '1' COMMENT '提交状态：0=暂存，1=已提交，2=已撤回',
  `grading_status` tinyint NOT NULL DEFAULT '0' COMMENT '批改状态：0=待批改，1=已批改',
  `score` int DEFAULT NULL COMMENT '得分',
  `teacher_comment` text COMMENT '教师评语',
  `ai_comment` text COMMENT 'AI辅助评语',
  `submitted_at` datetime NOT NULL DEFAULT CURRENT_TIMESTAMP COMMENT '提交时间',
  `graded_at` datetime DEFAULT NULL COMMENT '批改时间',
  `created_at` datetime NOT NULL DEFAULT CURRENT_TIMESTAMP COMMENT '创建时间',
  `updated_at` datetime NOT NULL DEFAULT CURRENT_TIMESTAMP ON UPDATE CURRENT_TIMESTAMP COMMENT '更新时间',
  PRIMARY KEY (`id`),
  UNIQUE KEY `uk_submission_assignment_student` (`assignment_id`,`student_id`),
  KEY `idx_submission_student` (`student_id`),
  KEY `idx_submission_score` (`score`),
  CONSTRAINT `fk_submission_assignment` FOREIGN KEY (`assignment_id`) REFERENCES `tb_assignment` (`id`) ON DELETE RESTRICT ON UPDATE CASCADE,
  CONSTRAINT `fk_submission_student` FOREIGN KEY (`student_id`) REFERENCES `tb_user` (`id`) ON DELETE RESTRICT ON UPDATE CASCADE
) ENGINE=InnoDB AUTO_INCREMENT=9417 DEFAULT CHARSET=utf8mb4 COLLATE=utf8mb4_0900_ai_ci COMMENT='作业提交表';
/*!40101 SET character_set_client = @saved_cs_client */;

--
-- Dumping data for table `tb_submission`
--

LOCK TABLES `tb_submission` WRITE;
/*!40000 ALTER TABLE `tb_submission` DISABLE KEYS */;
INSERT INTO `tb_submission` VALUES (9401,9301,9011,'已完成登录接口联调，附 curl 命令和截图说明。','https://example.com/submissions/login-zhang.zip',1,1,92,'接口调用完整，异常场景可以再补充。','AI 建议：增加 Token 过期场景测试。','2026-07-10 20:30:00','2026-07-11 09:00:00','2026-07-09 22:39:30','2026-07-14 09:51:12'),(9402,9301,9012,'完成了登录、获取当前用户和权限错误测试。','https://example.com/submissions/login-chen.zip',1,1,88,'整体完成度较好，文档说明略少。',NULL,'2026-07-10 21:10:00','2026-07-11 09:20:00','2026-07-09 22:39:30','2026-07-14 09:51:12'),(9403,9303,9011,'梳理了 TableName、TableId、TableLogic 的使用方式。',NULL,1,0,NULL,NULL,NULL,'2026-07-12 18:00:00',NULL,'2026-07-09 22:39:30','2026-07-09 22:39:30'),(9407,9301,201,'已完成登录接口联调，附 curl 命令和截图说明。',NULL,1,0,92,'接口调用完整，异常场景可以再补充。','AI 建议：增加 Token 过期场景测试。','2026-08-10 20:30:00','2026-08-11 09:00:00','2026-07-18 13:29:55','2026-07-18 13:29:55'),(9408,9301,202,'完成了登录、获取当前用户和权限错误测试。',NULL,1,0,88,'整体完成度较好，文档说明略少。',NULL,'2026-08-10 21:10:00','2026-08-11 09:20:00','2026-07-18 13:29:55','2026-07-18 13:29:55'),(9409,9303,201,'梳理了 TableName、TableId、TableLogic 的使用方式。',NULL,1,0,NULL,NULL,NULL,'2026-08-12 18:00:00',NULL,'2026-07-18 13:29:55','2026-07-18 13:29:55'),(9410,2026071419,201,'1',NULL,1,0,NULL,NULL,NULL,'2026-07-18 15:54:28',NULL,'2026-07-18 15:54:28','2026-07-18 15:54:28'),(9414,2026071422,201,'1',NULL,1,0,NULL,NULL,NULL,'2026-07-20 09:19:56',NULL,'2026-07-20 09:19:17','2026-07-20 09:19:56'),(9415,2026071402,201,'1',NULL,1,0,NULL,NULL,NULL,'2026-07-22 11:40:18',NULL,'2026-07-22 11:40:18','2026-07-22 11:40:18'),(9416,2026071423,201,'123',NULL,1,0,NULL,NULL,NULL,'2026-07-22 11:49:37',NULL,'2026-07-22 11:49:37','2026-07-22 11:49:37');
/*!40000 ALTER TABLE `tb_submission` ENABLE KEYS */;
UNLOCK TABLES;

--
-- Table structure for table `tb_submission_attachment`
--

DROP TABLE IF EXISTS `tb_submission_attachment`;
/*!40101 SET @saved_cs_client     = @@character_set_client */;
/*!50503 SET character_set_client = utf8mb4 */;
CREATE TABLE `tb_submission_attachment` (
  `id` bigint NOT NULL AUTO_INCREMENT COMMENT '学生提交附件ID',
  `submission_id` bigint NOT NULL COMMENT '提交记录ID，对应 tb_submission.id',
  `original_name` varchar(255) NOT NULL COMMENT '原始文件名',
  `stored_name` varchar(255) NOT NULL COMMENT '服务器存储文件名',
  `content_type` varchar(100) DEFAULT NULL COMMENT '文件类型',
  `file_size` bigint NOT NULL COMMENT '文件大小，字节',
  `created_at` datetime NOT NULL DEFAULT CURRENT_TIMESTAMP COMMENT '上传时间',
  PRIMARY KEY (`id`),
  KEY `idx_submission_attachment_submission` (`submission_id`),
  CONSTRAINT `fk_submission_attachment_submission` FOREIGN KEY (`submission_id`) REFERENCES `tb_submission` (`id`) ON DELETE RESTRICT ON UPDATE CASCADE
) ENGINE=InnoDB AUTO_INCREMENT=2 DEFAULT CHARSET=utf8mb4 COLLATE=utf8mb4_0900_ai_ci COMMENT='学生作业提交附件表';
/*!40101 SET character_set_client = @saved_cs_client */;

--
-- Dumping data for table `tb_submission_attachment`
--

LOCK TABLES `tb_submission_attachment` WRITE;
/*!40000 ALTER TABLE `tb_submission_attachment` DISABLE KEYS */;
INSERT INTO `tb_submission_attachment` VALUES (1,9416,'Day0714-基于Chroma的RAG知识库构建实战指南.docx','0769368d-1fca-49e2-8348-2d7bd88764b9.docx','application/vnd.openxmlformats-officedocument.wordprocessingml.document',519207,'2026-07-22 11:49:37');
/*!40000 ALTER TABLE `tb_submission_attachment` ENABLE KEYS */;
UNLOCK TABLES;

--
-- Table structure for table `tb_teacher_profile`
--

DROP TABLE IF EXISTS `tb_teacher_profile`;
/*!40101 SET @saved_cs_client     = @@character_set_client */;
/*!50503 SET character_set_client = utf8mb4 */;
CREATE TABLE `tb_teacher_profile` (
  `user_id` bigint NOT NULL COMMENT '用户ID，对应 tb_user.id',
  `employee_no` varchar(32) NOT NULL COMMENT '教师工号',
  `real_name` varchar(50) NOT NULL COMMENT '教师姓名',
  `college` varchar(100) DEFAULT NULL COMMENT '学院或部门',
  `title` varchar(50) DEFAULT NULL COMMENT '职称',
  `created_at` datetime NOT NULL DEFAULT CURRENT_TIMESTAMP COMMENT '创建时间',
  `updated_at` datetime NOT NULL DEFAULT CURRENT_TIMESTAMP ON UPDATE CURRENT_TIMESTAMP COMMENT '更新时间',
  `deleted` tinyint NOT NULL DEFAULT '0' COMMENT '逻辑删除：0=正常，1=删除',
  PRIMARY KEY (`user_id`),
  UNIQUE KEY `uk_teacher_profile_employee_no` (`employee_no`),
  CONSTRAINT `fk_teacher_profile_user` FOREIGN KEY (`user_id`) REFERENCES `tb_user` (`id`) ON DELETE RESTRICT ON UPDATE CASCADE
) ENGINE=InnoDB DEFAULT CHARSET=utf8mb4 COLLATE=utf8mb4_0900_ai_ci COMMENT='教师档案表';
/*!40101 SET character_set_client = @saved_cs_client */;

--
-- Dumping data for table `tb_teacher_profile`
--

LOCK TABLES `tb_teacher_profile` WRITE;
/*!40000 ALTER TABLE `tb_teacher_profile` DISABLE KEYS */;
INSERT INTO `tb_teacher_profile` VALUES (101,'T0101','张老师','计算机科学与技术学院',NULL,'2026-07-18 13:27:10','2026-07-18 13:27:10',0),(102,'T0102','李老师','软件工程系',NULL,'2026-07-18 13:27:10','2026-07-18 13:27:10',0),(103,'T0103','王老师','人工智能学院',NULL,'2026-07-18 13:27:10','2026-07-18 13:27:10',0),(104,'T0104','赵老师','计算机科学与技术学院',NULL,'2026-07-18 13:27:10','2026-07-18 13:27:10',0),(105,'T0105','刘老师','软件工程系',NULL,'2026-07-18 13:27:10','2026-07-18 13:27:10',0),(106,'T0106','陈老师','外国语学院',NULL,'2026-07-18 13:27:10','2026-07-18 13:27:10',0),(1000,'T1000','张教授','计算机科学与技术学院',NULL,'2026-07-13 15:34:31','2026-07-13 15:34:31',0),(1001,'T1001','李教授','软件工程系',NULL,'2026-07-13 15:34:31','2026-07-13 15:34:31',0),(9002,'T9002','李老师',NULL,NULL,'2026-07-13 15:34:37','2026-07-13 15:34:37',0),(9003,'T9003','王老师',NULL,NULL,'2026-07-13 15:34:37','2026-07-13 15:34:37',0);
/*!40000 ALTER TABLE `tb_teacher_profile` ENABLE KEYS */;
UNLOCK TABLES;

--
-- Table structure for table `tb_user`
--

DROP TABLE IF EXISTS `tb_user`;
/*!40101 SET @saved_cs_client     = @@character_set_client */;
/*!50503 SET character_set_client = utf8mb4 */;
CREATE TABLE `tb_user` (
  `id` bigint NOT NULL AUTO_INCREMENT COMMENT '用户ID',
  `username` varchar(50) NOT NULL COMMENT '登录用户名',
  `password_hash` varchar(100) NOT NULL COMMENT '密码哈希',
  `nickname` varchar(50) NOT NULL COMMENT '用户昵称',
  `role` tinyint NOT NULL COMMENT '1=STUDENT, 2=TEACHER, 3=ADMIN',
  `email` varchar(255) DEFAULT NULL,
  `phone` varchar(20) DEFAULT NULL,
  `avatar_url` varchar(512) DEFAULT NULL,
  `created_at` datetime NOT NULL DEFAULT CURRENT_TIMESTAMP COMMENT '创建时间',
  `updated_at` datetime NOT NULL DEFAULT CURRENT_TIMESTAMP ON UPDATE CURRENT_TIMESTAMP COMMENT '更新时间',
  `deleted` tinyint NOT NULL DEFAULT '0' COMMENT '逻辑删除：0=正常，1=删除',
  PRIMARY KEY (`id`),
  UNIQUE KEY `uk_user_username_deleted` (`username`,`deleted`),
  KEY `idx_user_role` (`role`)
) ENGINE=InnoDB AUTO_INCREMENT=9016 DEFAULT CHARSET=utf8mb4 COLLATE=utf8mb4_0900_ai_ci COMMENT='用户表';
/*!40101 SET character_set_client = @saved_cs_client */;

--
-- Dumping data for table `tb_user`
--

LOCK TABLES `tb_user` WRITE;
/*!40000 ALTER TABLE `tb_user` DISABLE KEYS */;
INSERT INTO `tb_user` VALUES (1,'admin','$2a$10$9eOk56kiLj4/eTz4GP6Ou.4wCXK5N7neYOhpOVGMd0SLlH2huwOz.','系统管理员',3,NULL,NULL,NULL,'2026-07-09 13:50:28','2026-07-09 13:50:28',0),(101,'t1','$2a$10$E9hyYoDLI.aomyi4RWQgk.kRAEKhW3WnjCY8KLOqUkMTtUDw4G.H.','张老师',2,NULL,NULL,NULL,'2026-07-18 13:27:10','2026-07-18 13:27:10',0),(102,'t2','$2a$10$E9hyYoDLI.aomyi4RWQgk.kRAEKhW3WnjCY8KLOqUkMTtUDw4G.H.','李老师',2,NULL,NULL,NULL,'2026-07-18 13:27:10','2026-07-18 13:27:10',0),(103,'t3','$2a$10$E9hyYoDLI.aomyi4RWQgk.kRAEKhW3WnjCY8KLOqUkMTtUDw4G.H.','王老师',2,NULL,NULL,NULL,'2026-07-18 13:27:10','2026-07-18 13:27:10',0),(104,'t4','$2a$10$E9hyYoDLI.aomyi4RWQgk.kRAEKhW3WnjCY8KLOqUkMTtUDw4G.H.','赵老师',2,NULL,NULL,NULL,'2026-07-18 13:27:10','2026-07-18 13:27:10',0),(105,'t5','$2a$10$E9hyYoDLI.aomyi4RWQgk.kRAEKhW3WnjCY8KLOqUkMTtUDw4G.H.','刘老师',2,NULL,NULL,NULL,'2026-07-18 13:27:10','2026-07-18 13:27:10',0),(106,'t6','$2a$10$E9hyYoDLI.aomyi4RWQgk.kRAEKhW3WnjCY8KLOqUkMTtUDw4G.H.','陈老师',2,NULL,NULL,NULL,'2026-07-18 13:27:10','2026-07-18 13:27:10',0),(201,'s1','$2a$10$E9hyYoDLI.aomyi4RWQgk.kRAEKhW3WnjCY8KLOqUkMTtUDw4G.H.','张同学',1,NULL,NULL,NULL,'2026-07-18 13:27:10','2026-07-18 13:27:10',0),(202,'s2','$2a$10$E9hyYoDLI.aomyi4RWQgk.kRAEKhW3WnjCY8KLOqUkMTtUDw4G.H.','李同学',1,NULL,NULL,NULL,'2026-07-18 13:27:10','2026-07-18 13:27:10',0),(203,'s3','$2a$10$E9hyYoDLI.aomyi4RWQgk.kRAEKhW3WnjCY8KLOqUkMTtUDw4G.H.','王同学',1,NULL,NULL,NULL,'2026-07-18 13:27:10','2026-07-18 13:27:10',0),(204,'s4','$2a$10$E9hyYoDLI.aomyi4RWQgk.kRAEKhW3WnjCY8KLOqUkMTtUDw4G.H.','赵同学',1,NULL,NULL,NULL,'2026-07-18 13:27:10','2026-07-18 13:27:10',0),(205,'s5','$2a$10$E9hyYoDLI.aomyi4RWQgk.kRAEKhW3WnjCY8KLOqUkMTtUDw4G.H.','刘同学',1,NULL,NULL,NULL,'2026-07-18 13:27:10','2026-07-18 13:27:10',0),(206,'s6','$2a$10$E9hyYoDLI.aomyi4RWQgk.kRAEKhW3WnjCY8KLOqUkMTtUDw4G.H.','陈同学',1,NULL,NULL,NULL,'2026-07-18 13:27:10','2026-07-18 13:27:10',0),(207,'s7','$2a$10$E9hyYoDLI.aomyi4RWQgk.kRAEKhW3WnjCY8KLOqUkMTtUDw4G.H.','杨同学',1,NULL,NULL,NULL,'2026-07-18 13:27:10','2026-07-18 13:27:10',0),(208,'s8','$2a$10$E9hyYoDLI.aomyi4RWQgk.kRAEKhW3WnjCY8KLOqUkMTtUDw4G.H.','黄同学',1,NULL,NULL,NULL,'2026-07-18 13:27:10','2026-07-18 13:27:10',0),(209,'s9','$2a$10$E9hyYoDLI.aomyi4RWQgk.kRAEKhW3WnjCY8KLOqUkMTtUDw4G.H.','周同学',1,NULL,NULL,NULL,'2026-07-18 13:27:10','2026-07-18 13:27:10',0),(210,'s10','$2a$10$E9hyYoDLI.aomyi4RWQgk.kRAEKhW3WnjCY8KLOqUkMTtUDw4G.H.','吴同学',1,NULL,NULL,NULL,'2026-07-18 13:27:10','2026-07-18 13:27:10',0),(211,'s11','$2a$10$E9hyYoDLI.aomyi4RWQgk.kRAEKhW3WnjCY8KLOqUkMTtUDw4G.H.','郑同学',1,NULL,NULL,NULL,'2026-07-18 13:27:10','2026-07-18 13:27:10',0),(212,'s12','$2a$10$E9hyYoDLI.aomyi4RWQgk.kRAEKhW3WnjCY8KLOqUkMTtUDw4G.H.','孙同学',1,NULL,NULL,NULL,'2026-07-18 13:27:10','2026-07-18 13:27:10',0),(213,'s13','$2a$10$E9hyYoDLI.aomyi4RWQgk.kRAEKhW3WnjCY8KLOqUkMTtUDw4G.H.','马同学',1,NULL,NULL,NULL,'2026-07-18 13:27:10','2026-07-18 13:27:10',0),(214,'s14','$2a$10$E9hyYoDLI.aomyi4RWQgk.kRAEKhW3WnjCY8KLOqUkMTtUDw4G.H.','胡同学',1,NULL,NULL,NULL,'2026-07-18 13:27:10','2026-07-18 13:27:10',0),(215,'s15','$2a$10$E9hyYoDLI.aomyi4RWQgk.kRAEKhW3WnjCY8KLOqUkMTtUDw4G.H.','林同学',1,NULL,NULL,NULL,'2026-07-18 13:27:10','2026-07-18 13:27:10',0),(1000,'teacher01','$2y$10$tfsA779NP5yI./FZRuzWJ.A2RV.qGFWWaq6MdDw6sA/rOZqkVofBa','张教授',2,NULL,NULL,NULL,'2026-07-13 09:55:51','2026-07-13 10:51:36',0),(1001,'teacher02','$2a$10$N9qo8uLOickgx2ZMRZoMyeIjZAgcfl7p92ldGxad68LJZdL17lhWy','李教授',2,NULL,NULL,NULL,'2026-07-13 10:10:22','2026-07-13 10:10:22',0),(9001,'admin_seed','$2b$12$W/PoJoiFSkzIY9YuYMzXWOoE9O.uNkUaJ3JTuZ7iTgkBJ3rE2EAiy','测试管理员',3,NULL,NULL,NULL,'2026-07-09 22:39:30','2026-07-09 22:39:30',0),(9002,'teacher_li','$2b$12$W/PoJoiFSkzIY9YuYMzXWOoE9O.uNkUaJ3JTuZ7iTgkBJ3rE2EAiy','李老师',2,NULL,NULL,NULL,'2026-07-09 22:39:30','2026-07-09 22:39:30',0),(9003,'teacher_wang','$2b$12$W/PoJoiFSkzIY9YuYMzXWOoE9O.uNkUaJ3JTuZ7iTgkBJ3rE2EAiy','王老师',2,NULL,NULL,NULL,'2026-07-09 22:39:30','2026-07-09 22:39:30',0),(9011,'student_zhang','$2b$12$W/PoJoiFSkzIY9YuYMzXWOoE9O.uNkUaJ3JTuZ7iTgkBJ3rE2EAiy','张同学',1,NULL,NULL,NULL,'2026-07-09 22:39:30','2026-07-09 22:39:30',0),(9012,'student_chen','$2b$12$W/PoJoiFSkzIY9YuYMzXWOoE9O.uNkUaJ3JTuZ7iTgkBJ3rE2EAiy','陈同学',1,NULL,NULL,NULL,'2026-07-09 22:39:30','2026-07-09 22:39:30',0),(9013,'student_liu','$2b$12$W/PoJoiFSkzIY9YuYMzXWOoE9O.uNkUaJ3JTuZ7iTgkBJ3rE2EAiy','刘同学',1,NULL,NULL,NULL,'2026-07-09 22:39:30','2026-07-09 22:39:30',0),(9014,'a','$2a$10$lvZMf5Uu79eq/3pkXZ.nUuZUInXmW4MNvuGVpPs49Q0t38fK/F4r2','陈千语',1,'ahminos547','123',NULL,'2026-07-22 11:10:17','2026-07-22 11:10:17',0),(9015,'12345670415','$2a$10$xONOlXpimcdMtL6eq2iR5uf3cOjEEpqrCcfIpWnlZNDApB2lhgOLO','徐彬彬',1,NULL,'12345670415',NULL,'2026-07-22 16:19:20','2026-07-22 16:19:20',0);
/*!40000 ALTER TABLE `tb_user` ENABLE KEYS */;
UNLOCK TABLES;

--
-- Dumping routines for database 'edu_platform'
--
/*!40103 SET TIME_ZONE=@OLD_TIME_ZONE */;

/*!40101 SET SQL_MODE=@OLD_SQL_MODE */;
/*!40014 SET FOREIGN_KEY_CHECKS=@OLD_FOREIGN_KEY_CHECKS */;
/*!40014 SET UNIQUE_CHECKS=@OLD_UNIQUE_CHECKS */;
/*!40101 SET CHARACTER_SET_CLIENT=@OLD_CHARACTER_SET_CLIENT */;
/*!40101 SET CHARACTER_SET_RESULTS=@OLD_CHARACTER_SET_RESULTS */;
/*!40101 SET COLLATION_CONNECTION=@OLD_COLLATION_CONNECTION */;
/*!40111 SET SQL_NOTES=@OLD_SQL_NOTES */;

-- Dump completed on 2026-07-23 16:05:38
