USE edu_platform;
SET NAMES utf8mb4;

-- ======================== 1. 快速登录账号 ========================
INSERT INTO tb_user (id, username, password_hash, nickname, role, deleted) VALUES
  (1, 'admin', '$2a$10$E9hyYoDLI.aomyi4RWQgk.kRAEKhW3WnjCY8KLOqUkMTtUDw4G.H.', '系统管理员', 3, 0),
  (101, 't1', '$2a$10$E9hyYoDLI.aomyi4RWQgk.kRAEKhW3WnjCY8KLOqUkMTtUDw4G.H.', '张老师', 2, 0),
  (102, 't2', '$2a$10$E9hyYoDLI.aomyi4RWQgk.kRAEKhW3WnjCY8KLOqUkMTtUDw4G.H.', '李老师', 2, 0),
  (103, 't3', '$2a$10$E9hyYoDLI.aomyi4RWQgk.kRAEKhW3WnjCY8KLOqUkMTtUDw4G.H.', '王老师', 2, 0),
  (104, 't4', '$2a$10$E9hyYoDLI.aomyi4RWQgk.kRAEKhW3WnjCY8KLOqUkMTtUDw4G.H.', '赵老师', 2, 0),
  (105, 't5', '$2a$10$E9hyYoDLI.aomyi4RWQgk.kRAEKhW3WnjCY8KLOqUkMTtUDw4G.H.', '刘老师', 2, 0),
  (106, 't6', '$2a$10$E9hyYoDLI.aomyi4RWQgk.kRAEKhW3WnjCY8KLOqUkMTtUDw4G.H.', '陈老师', 2, 0),
  (201, 's1',  '$2a$10$E9hyYoDLI.aomyi4RWQgk.kRAEKhW3WnjCY8KLOqUkMTtUDw4G.H.', '张同学', 1, 0),
  (202, 's2',  '$2a$10$E9hyYoDLI.aomyi4RWQgk.kRAEKhW3WnjCY8KLOqUkMTtUDw4G.H.', '李同学', 1, 0),
  (203, 's3',  '$2a$10$E9hyYoDLI.aomyi4RWQgk.kRAEKhW3WnjCY8KLOqUkMTtUDw4G.H.', '王同学', 1, 0),
  (204, 's4',  '$2a$10$E9hyYoDLI.aomyi4RWQgk.kRAEKhW3WnjCY8KLOqUkMTtUDw4G.H.', '赵同学', 1, 0),
  (205, 's5',  '$2a$10$E9hyYoDLI.aomyi4RWQgk.kRAEKhW3WnjCY8KLOqUkMTtUDw4G.H.', '刘同学', 1, 0),
  (206, 's6',  '$2a$10$E9hyYoDLI.aomyi4RWQgk.kRAEKhW3WnjCY8KLOqUkMTtUDw4G.H.', '陈同学', 1, 0),
  (207, 's7',  '$2a$10$E9hyYoDLI.aomyi4RWQgk.kRAEKhW3WnjCY8KLOqUkMTtUDw4G.H.', '杨同学', 1, 0),
  (208, 's8',  '$2a$10$E9hyYoDLI.aomyi4RWQgk.kRAEKhW3WnjCY8KLOqUkMTtUDw4G.H.', '黄同学', 1, 0),
  (209, 's9',  '$2a$10$E9hyYoDLI.aomyi4RWQgk.kRAEKhW3WnjCY8KLOqUkMTtUDw4G.H.', '周同学', 1, 0),
  (210, 's10', '$2a$10$E9hyYoDLI.aomyi4RWQgk.kRAEKhW3WnjCY8KLOqUkMTtUDw4G.H.', '吴同学', 1, 0),
  (211, 's11', '$2a$10$E9hyYoDLI.aomyi4RWQgk.kRAEKhW3WnjCY8KLOqUkMTtUDw4G.H.', '郑同学', 1, 0),
  (212, 's12', '$2a$10$E9hyYoDLI.aomyi4RWQgk.kRAEKhW3WnjCY8KLOqUkMTtUDw4G.H.', '孙同学', 1, 0),
  (213, 's13', '$2a$10$E9hyYoDLI.aomyi4RWQgk.kRAEKhW3WnjCY8KLOqUkMTtUDw4G.H.', '马同学', 1, 0),
  (214, 's14', '$2a$10$E9hyYoDLI.aomyi4RWQgk.kRAEKhW3WnjCY8KLOqUkMTtUDw4G.H.', '胡同学', 1, 0),
  (215, 's15', '$2a$10$E9hyYoDLI.aomyi4RWQgk.kRAEKhW3WnjCY8KLOqUkMTtUDw4G.H.', '林同学', 1, 0)
ON DUPLICATE KEY UPDATE nickname=VALUES(nickname), role=VALUES(role), deleted=VALUES(deleted);

-- ======================== 2. 教师档案 ========================
INSERT INTO tb_teacher_profile (user_id, employee_no, real_name, college) VALUES
  (101, 'T0101', '张老师', '计算机科学与技术学院'),
  (102, 'T0102', '李老师', '软件工程系'),
  (103, 'T0103', '王老师', '人工智能学院'),
  (104, 'T0104', '赵老师', '计算机科学与技术学院'),
  (105, 'T0105', '刘老师', '软件工程系'),
  (106, 'T0106', '陈老师', '外国语学院')
ON DUPLICATE KEY UPDATE real_name=VALUES(real_name), college=VALUES(college);

-- ======================== 3. 学生档案 ========================
INSERT INTO tb_student_profile (user_id, student_no, real_name, college, major, class_name, grade, enrollment_year) VALUES
  (201, '2023001', '张同学', '计算机科学与技术学院', '计算机科学与技术', '计科2301班', '2023', 2023),
  (202, '2023002', '李同学', '计算机科学与技术学院', '软件工程', '软工2301班', '2023', 2023),
  (203, '2023003', '王同学', '软件工程系', '软件工程', '软工2302班', '2023', 2023),
  (204, '2023004', '赵同学', '人工智能学院', '人工智能', 'AI2301班', '2023', 2023),
  (205, '2023005', '刘同学', '计算机科学与技术学院', '计算机科学与技术', '计科2302班', '2023', 2023),
  (206, '2023006', '陈同学', '软件工程系', '软件工程', '软工2303班', '2023', 2023),
  (207, '2023007', '杨同学', '人工智能学院', '数据科学', '数科2301班', '2023', 2023),
  (208, '2023008', '黄同学', '计算机科学与技术学院', '计算机科学与技术', '计科2303班', '2023', 2023),
  (209, '2023009', '周同学', '软件工程系', '软件工程', '软工2304班', '2023', 2023),
  (210, '2023010', '吴同学', '计算机科学与技术学院', '网络工程', '网工2301班', '2023', 2023),
  (211, '2023011', '郑同学', '人工智能学院', '人工智能', 'AI2302班', '2023', 2023),
  (212, '2023012', '孙同学', '计算机科学与技术学院', '计算机科学与技术', '计科2304班', '2023', 2023),
  (213, '2023013', '马同学', '软件工程系', '软件工程', '软工2305班', '2023', 2023),
  (214, '2023014', '胡同学', '计算机科学与技术学院', '信息安全', '信安2301班', '2023', 2023),
  (215, '2023015', '林同学', '软件工程系', '软件工程', '软工2306班', '2023', 2023)
ON DUPLICATE KEY UPDATE real_name=VALUES(real_name), college=VALUES(college), major=VALUES(major), class_name=VALUES(class_name), grade=VALUES(grade), enrollment_year=VALUES(enrollment_year);

-- ======================== 4. 选课数据 ========================
-- s1~s5 选课（通过 + 待审核）
INSERT INTO tb_enrollment (course_id, student_id, status, apply_reason, review_comment, applied_at, reviewed_at) VALUES
  -- s1 选了 5 门课
  (9101, 201, 1, '想学习 Java Web 开发', '通过', '2026-07-01 09:00:00', '2026-07-01 10:00:00'),
  (9102, 201, 1, '数据库是基础', '通过', '2026-07-01 09:01:00', '2026-07-01 10:01:00'),
  (9201, 201, 1, '对数据分析感兴趣', '通过', '2026-07-01 09:02:00', '2026-07-01 10:02:00'),
  (9105, 201, 1, '巩固算法基础', '通过', '2026-07-02 08:00:00', '2026-07-02 09:00:00'),
  (9301, 201, 0, '心理健康课', NULL, '2026-07-03 10:00:00', NULL),
  -- s2 选课
  (9101, 202, 1, '想学后端开发', '通过', '2026-07-01 09:10:00', '2026-07-01 10:10:00'),
  (9202, 202, 1, '前端开发有兴趣', '通过', '2026-07-01 09:11:00', '2026-07-01 10:11:00'),
  (9304, 202, 0, '英语需要提高', NULL, '2026-07-04 11:00:00', NULL),
  -- s3 选课
  (9103, 203, 1, '学习 MyBatis Plus', '通过', '2026-07-01 10:00:00', '2026-07-01 11:00:00'),
  (9203, 203, 1, 'AI 方向', '通过', '2026-07-01 10:01:00', '2026-07-01 11:01:00'),
  (9401, 203, 0, '开源项目实践', NULL, '2026-07-05 14:00:00', NULL),
  -- s4 选课
  (9104, 204, 1, '微服务架构', '通过', '2026-07-02 09:00:00', '2026-07-02 10:00:00'),
  (9204, 204, 1, '深度学习入门', '通过', '2026-07-02 09:01:00', '2026-07-02 10:01:00'),
  (9101, 204, 2, 'Java Web 选修', '学生主动退课', '2026-07-03 09:00:00', '2026-07-04 09:00:00'),
  -- s5 选课
  (9105, 205, 1, '数据结构重要', '通过', '2026-07-01 11:00:00', '2026-07-01 12:00:00'),
  (9205, 205, 1, '云计算方向', '通过', '2026-07-01 11:01:00', '2026-07-01 12:01:00'),
  (9305, 205, 4, '体育课名额已满', '名额已满，抱歉', '2026-07-06 08:00:00', '2026-07-06 09:00:00'),
  -- s6~s10 各选 2~3 门
  (9102, 206, 1, '数据库必修', '通过', '2026-07-02 10:00:00', '2026-07-02 11:00:00'),
  (9302, 206, 1, '职业指导课', '通过', '2026-07-02 10:01:00', '2026-07-02 11:01:00'),
  (9402, 207, 1, '企业项目实训', '通过', '2026-07-03 08:00:00', '2026-07-03 09:00:00'),
  (9103, 207, 1, 'MyBatis 深入学习', '通过', '2026-07-03 08:01:00', '2026-07-03 09:01:00'),
  (9206, 207, 1, '大数据技术', '通过', '2026-07-03 08:02:00', '2026-07-03 09:02:00'),
  (9104, 208, 1, 'Spring Boot 实践', '通过', '2026-07-04 09:00:00', '2026-07-04 10:00:00'),
  (9303, 208, 1, '中国近现代史', '通过', '2026-07-04 09:01:00', '2026-07-04 10:01:00'),
  (9403, 209, 1, '科技创新', '通过', '2026-07-05 10:00:00', '2026-07-05 11:00:00'),
  (9201, 209, 1, 'Python 数据分析', '通过', '2026-07-05 10:01:00', '2026-07-05 11:01:00'),
  (9105, 210, 1, '算法必修', '通过', '2026-07-06 08:00:00', '2026-07-06 09:00:00'),
  (9304, 210, 1, '英语四', '通过', '2026-07-06 08:01:00', '2026-07-06 09:01:00')
ON DUPLICATE KEY UPDATE status=VALUES(status);

-- ======================== 5. 更新课程已选人数 ========================
UPDATE tb_course c
SET c.enrolled_count = (
  SELECT COUNT(*) FROM tb_enrollment e
  WHERE e.course_id = c.id AND e.status = 1
);

-- ======================== 6. 作业数据 ========================
INSERT INTO tb_assignment (course_id, teacher_id, title, description, full_score, deadline, status, deleted) VALUES
  (9101, 1000, '第一次作业：登录接口联调', '完成登录接口调用，记录请求、响应和异常处理。', 100, '2026-08-20 23:59:59', 1, 0),
  (9101, 1000, '第二次作业：课程模块 CRUD', '完成课程列表、新增、编辑和状态修改接口测试。', 100, '2026-08-27 23:59:59', 0, 0),
  (9102, 1000, 'MyBatis Plus 实体映射练习', '整理实体类注解、Mapper 继承和逻辑删除说明。', 100, '2026-08-25 23:59:59', 1, 0),
  (9103, 1000, 'MyBatis Plus 高级查询', '练习条件构造器和分页查询。', 100, '2026-08-30 23:59:59', 0, 0),
  (9104, 1000, '微服务架构设计', '画出系统架构图，说明各服务职责。', 100, '2026-09-05 23:59:59', 1, 0),
  (9105, 1000, '排序算法实现', '实现快速排序和归并排序。', 100, '2026-08-22 23:59:59', 0, 0),
  (9201, 1001, 'Pandas 基础练习', '完成 DataFrame 基本操作。', 100, '2026-08-20 23:59:59', 1, 0),
  (9202, 1001, 'Vue3 组件拆分', '完成登录页和基础布局组件拆分。', 100, '2026-08-18 23:59:59', 2, 0),
  (9203, 1001, '机器学习入门报告', '撰写 KNN 算法学习报告。', 100, '2026-09-01 23:59:59', 0, 0)
ON DUPLICATE KEY UPDATE title=VALUES(title);

-- ======================== 7. 作业提交 ========================
INSERT INTO tb_submission (assignment_id, student_id, content, attachment_url, score, teacher_comment, ai_comment, submitted_at, graded_at) VALUES
  (1, 201, '已完成登录接口联调，附 curl 命令和截图说明。', NULL, 92, '接口调用完整，异常场景可以再补充。', 'AI 建议：增加 Token 过期场景测试。', '2026-08-10 20:30:00', '2026-08-11 09:00:00'),
  (1, 202, '完成了登录、获取当前用户和权限错误测试。', NULL, 88, '整体完成度较好，文档说明略少。', NULL, '2026-08-10 21:10:00', '2026-08-11 09:20:00'),
  (3, 201, '梳理了 TableName、TableId、TableLogic 的使用方式。', NULL, NULL, NULL, NULL, '2026-08-12 18:00:00', NULL)
ON DUPLICATE KEY UPDATE content=VALUES(content);

-- ======================== 8. 考试数据 ========================
INSERT INTO tb_exam (course_id, teacher_id, title, description, start_time, end_time, full_score, status, deleted) VALUES
  (9101, 1000, 'Java Web 阶段测验', '覆盖登录、网关、课程和选课接口基础知识。', '2026-08-30 09:00:00', '2026-08-30 11:00:00', 100, 1, 0),
  (9102, 1000, '数据库设计小测', '考察核心业务表、索引和逻辑删除设计。', '2026-09-02 14:00:00', '2026-09-02 15:30:00', 100, 0, 0),
  (9103, 1000, 'MyBatis Plus 基础测验', '核心注解和 CRUD 操作。', '2026-09-10 19:00:00', '2026-09-10 20:00:00', 100, 2, 0),
  (9201, 1001, 'Python 数据分析测验', 'Pandas 和 NumPy 基础。', '2026-08-28 10:00:00', '2026-08-28 11:30:00', 100, 0, 0)
ON DUPLICATE KEY UPDATE title=VALUES(title);

